TE-I-87299375,TE-T-64215521
TE-V-56495117,TE-S-64774945
TE-B-31994975,TE-O-93185190
TE-D-67959511,TE-D-20978938
TE-N-65337408,TE-X-84444369
TE-S-98330448,TE-E-26320369
TE-F-30715809,TE-G-87879853
TE-P-03366345,TE-N-95211854
TE-X-56395735,TE-P-64901324
TE-P-20230590,TE-J-95396491
TE-V-19469891,TE-Y-43688261
TE-I-95759979,TE-W-22065909
TE-E-07368346,TE-L-64721254
TE-M-83616529,TE-L-82662363
TE-W-45604260,TE-V-58090608
TE-B-76545315,TE-E-79442549
TE-I-09287183,TE-Z-80090450
TE-V-47280306,TE-N-29033381
TE-E-09326636,TE-H-10274989
TE-K-33038123,TE-M-11079997
TE-R-05737468,TE-N-62596274
TE-Y-56889758,TE-E-29979136
TE-M-25164952,TE-W-83583830
TE-W-36218262,TE-G-50730522
TE-J-00088594,TE-S-19706231
TE-D-98620050,TE-S-73307967
TE-H-86180997,TE-S-19706231
TE-S-32828165,TE-W-18635305
TE-U-11374355,TE-T-64183766
TE-Y-61457152,TE-Q-64836767
TE-R-57344786,TE-E-66340690
TE-Q-76967313,TE-M-36298052
TE-M-40110870,TE-B-38138832
TE-G-13941474,TE-O-89849140
TE-M-13575225,TE-Q-09485746
TE-L-22447402,TE-P-67839894
TE-O-93185190,TE-E-28226532
TE-U-33278221,TE-K-91564645
TE-U-04383966,TE-I-62496938
TE-M-48280904,TE-A-18302524
TE-A-71824991,TE-V-22186295
TE-I-05341123,TE-I-00159334
TE-G-47749061,TE-K-49474098
TE-W-71015326,TE-R-27617735
TE-D-26167484,TE-A-53088438
TE-M-51682546,TE-S-38037584
TE-I-92941813,TE-V-23934722
TE-V-51264890,TE-D-10137492
TE-O-62812813,TE-I-05341123
TE-V-30781827,TE-E-52220366
TE-W-85255678,TE-K-91564645
TE-C-47713186,TE-R-38610761
TE-Q-58522409,TE-T-64518163
TE-U-70116838,TE-F-51382584
TE-U-78543534,TE-Z-79129610
TE-I-03201964,TE-K-29791838
TE-T-89337187,TE-W-20765983
TE-N-50689718,TE-Q-85701697
TE-V-54937653,TE-G-94664757
TE-U-85728617,TE-J-15501199
TE-Q-89183276,TE-R-52302787
TE-I-80314491,TE-H-36263868
TE-N-32354132,TE-D-67268242
TE-Q-71557196,TE-R-34755324
TE-O-25552796,TE-P-65792592
TE-C-91221426,TE-A-44697240
TE-P-98703852,TE-Q-54490003
TE-A-31476255,TE-W-19960929
TE-L-77933626,TE-F-30715809
TE-V-71910852,TE-A-02591537
TE-S-69643595,TE-X-58417696
TE-P-00730977,TE-D-68420279
TE-Y-03465914,TE-P-38475092
TE-V-81832890,TE-A-78615402
TE-P-81227657,TE-L-42732218
TE-N-26292306,TE-T-59685062
TE-S-01726479,TE-S-38996773
TE-W-62450357,TE-H-94632234
TE-F-74727271,TE-G-83724629
TE-H-72919148,TE-M-47455815
TE-C-74717825,TE-M-63402770
TE-H-94632234,TE-D-26817851
TE-A-66046238,TE-U-36254068
TE-K-12010560,TE-P-63077304
TE-P-36934780,TE-O-12860566
TE-Y-74182050,TE-Y-93478575
TE-D-96105458,TE-M-75586840
TE-A-89213627,TE-A-71894636
TE-Y-25124063,TE-W-36218262
TE-K-91564645,TE-Y-61816172
TE-R-96109553,TE-B-02290202
TE-V-71146621,TE-Z-00768716
TE-Y-39352327,TE-N-24011807
TE-F-27592974,TE-A-73506016
TE-B-07060140,TE-H-57643444
TE-H-75229451,TE-U-64353721
TE-X-17018696,TE-P-23062542
TE-Y-36971580,TE-S-68316207
TE-E-19345994,TE-S-36281506
TE-C-19480407,TE-E-11454735
TE-T-36358999,TE-N-70765200
TE-T-69031756,TE-K-68244585
TE-M-82324063,TE-A-21871789
TE-E-00351174,TE-R-97289497
TE-W-72768051,TE-D-43847475
TE-Q-50625820,TE-R-16382984
TE-E-02452721,TE-X-34070045
TE-G-08669788,TE-U-90906033
TE-Z-74712164,TE-L-98862226
TE-G-28900321,TE-P-47280932
TE-T-07880786,TE-W-41197588
TE-V-22186295,TE-M-11079997
TE-G-00314648,TE-O-45869590
TE-W-06225015,TE-D-91227600
TE-B-46754588,TE-R-30982636
TE-U-55208583,TE-B-38138832
TE-G-09792611,TE-L-35004262
TE-X-79158234,TE-N-52656945
TE-X-68724943,TE-P-17155228
TE-P-41954413,TE-L-83509029
TE-B-13895541,TE-G-20812422
TE-D-93326731,TE-E-14487478
TE-V-65373522,TE-B-78023623
TE-F-92893392,TE-U-95288905
TE-T-14781414,TE-I-58392846
TE-Y-19088414,TE-Q-47225405
TE-K-61820055,TE-O-25552796
TE-M-52658655,TE-I-43198745
TE-A-61986647,TE-Y-40009972
TE-M-73121557,TE-U-34449096
TE-W-12894572,TE-J-29526407
TE-L-31995231,TE-V-88488359
TE-U-95474162,TE-M-73590852
TE-H-53832531,TE-U-06210876
TE-G-80177759,TE-A-99035410
TE-M-25904184,TE-T-28806460
TE-B-82253735,TE-R-08650525
TE-S-42015137,TE-H-60138159
TE-F-36709119,TE-B-54423946
TE-S-74072461,TE-C-58111577
TE-C-10487248,TE-M-03499599
TE-L-48049924,TE-R-44638514
TE-A-83424309,TE-W-93361706
TE-Q-61551594,TE-H-03708600
TE-Z-85194355,TE-N-07541892
TE-B-22500531,TE-F-15153099
TE-C-11392752,TE-C-89791035
TE-P-67839894,TE-U-10695548
TE-E-90474795,TE-V-32264115
TE-Y-79509651,TE-S-13036824
TE-W-35375494,TE-V-22186295
TE-K-47441798,TE-O-49375419
TE-L-79096775,TE-Y-43688261
TE-M-17025612,TE-X-22370642
TE-O-29190719,TE-G-69726880
TE-C-28389457,TE-V-46613728
TE-H-47280073,TE-P-45165502
TE-E-27614206,TE-M-45783583
TE-L-56248087,TE-D-09980336
TE-P-31343777,TE-F-89170008
TE-Y-93927476,TE-N-65595704
TE-X-09065194,TE-L-44832356
TE-H-20612361,TE-E-42086427
TE-E-03646497,TE-M-75834916
TE-L-63163496,TE-P-51316063
TE-K-97347675,TE-J-83313795
TE-U-18507174,TE-W-25134284
TE-L-66176765,TE-H-07077179
TE-L-68468460,TE-V-19162811
TE-Z-46217511,TE-X-66924272
TE-U-37329304,TE-X-14068746
TE-Q-76580942,TE-J-03675824
TE-O-44209481,TE-L-82662363
TE-Y-58396518,TE-I-24822197
TE-U-62479319,TE-F-51382584
TE-S-04190534,TE-T-18449965
TE-Q-64837652,TE-M-36298052
TE-J-09951316,TE-R-17820260
TE-M-84977581,TE-T-47658831
TE-Q-13814820,TE-G-28900321
TE-R-27617735,TE-Z-41124037
TE-J-28602297,TE-P-27088276
TE-X-39748499,TE-N-55774153
TE-G-67970608,TE-N-19720479
TE-V-85809856,TE-Z-37150711
TE-T-28806460,TE-K-92772477
TE-N-69110286,TE-P-79380051
TE-H-41154966,TE-W-95159041
TE-X-31343158,TE-A-71753719
TE-U-21126624,TE-G-20629736
TE-Z-83212186,TE-Z-20317252
TE-D-70365367,TE-N-91042632
TE-U-40305972,TE-Q-64085641
TE-K-09952785,TE-J-43448374
TE-E-62154701,TE-U-33000433
TE-I-76255704,TE-D-54963485
TE-G-41988881,TE-D-24247328
TE-H-41216408,TE-R-33885929
TE-N-39223826,TE-R-34196450
TE-K-67747577,TE-Z-62694034
TE-K-19330856,TE-C-51823003
TE-N-16301302,TE-D-83826050
TE-B-41199521,TE-I-58392846
TE-I-01249754,TE-N-03087027
TE-I-82981676,TE-H-41216408
TE-L-05377600,TE-C-03203960
TE-M-47333173,TE-H-57643444
TE-Q-72204225,TE-R-61069510
TE-E-09254163,TE-I-69884825
TE-R-26771255,TE-O-55530361
TE-M-63402770,TE-L-91505103
TE-X-49640197,TE-G-50730522
TE-W-21573981,TE-M-73590852
TE-P-52141258,TE-U-82173846
TE-K-54047391,TE-X-02941968
TE-V-34197363,TE-L-44832356
TE-X-25565795,TE-C-27191767
TE-V-29666124,TE-T-15747006
TE-J-03675824,TE-N-97002460
TE-J-95396491,TE-W-21503772
TE-A-48975701,TE-I-67375451
TE-O-21802461,TE-M-15717292
TE-Z-57600504,TE-M-21330892
TE-R-68036889,TE-J-86805266
TE-F-56951029,TE-M-16900877
TE-J-22059086,TE-R-97344600
TE-A-17504894,TE-O-39009212
TE-E-14487478,TE-J-81504919
TE-V-02732941,TE-A-66046238
TE-C-08301279,TE-T-36035202
TE-Q-48060096,TE-U-16873261
TE-O-36556194,TE-P-22481399
TE-I-66781979,TE-N-77588215
TE-I-20821968,TE-R-98515924
TE-S-92620425,TE-H-43472756
TE-F-28684306,TE-W-95159041
TE-K-57118689,TE-D-10137492
TE-R-20179591,TE-J-29526407
TE-Q-15100900,TE-G-20629736
TE-K-70878382,TE-H-19597646
TE-H-85333026,TE-O-57020805
TE-A-62631813,TE-Z-79378323
TE-J-66032249,TE-A-53133707
TE-K-63283818,TE-Z-64599866
TE-X-34070045,TE-Q-85701697
TE-C-94876143,TE-G-61084267
TE-L-79136069,TE-Y-19566521
TE-T-22339578,TE-A-65717746
TE-Y-54213270,TE-I-30889379
TE-R-45181893,TE-K-33038123
TE-D-39826787,TE-Z-77771066
TE-R-58509784,TE-A-89213627
TE-P-64901324,TE-R-16382984
TE-T-17858169,TE-H-91880558
TE-V-62024809,TE-I-09287183
TE-F-41938455,TE-P-16070497
TE-O-89849140,TE-E-16827981
TE-L-30915245,TE-Y-68666387
TE-D-46051993,TE-H-50293983
TE-A-18275488,TE-L-77933626
TE-R-77748549,TE-A-89213627
TE-W-68082134,TE-P-20230590
TE-F-21907279,TE-S-02103982
TE-M-49575168,TE-M-84153268
TE-F-79923179,TE-I-65008327
TE-C-07713602,TE-E-52922225
TE-V-57034674,TE-W-18635305
TE-M-56749248,TE-S-33407526
TE-U-07908911,TE-V-57034674
TE-Z-98907071,TE-R-97440975
TE-G-76586575,TE-P-99777704
TE-F-23401386,TE-M-73923566
TE-Q-86192443,TE-O-99316839
TE-P-55243762,TE-H-63960113
TE-B-16747818,TE-H-91880558
TE-C-97441886,TE-Q-72204225
TE-I-41468978,TE-M-98024554
TE-N-52656945,TE-S-71800985
TE-D-13287322,TE-O-17925821
TE-A-95964975,TE-L-35004262
TE-M-37442993,TE-Y-52410934
TE-Y-21923832,TE-D-30518867
TE-K-38354022,TE-S-71800985
TE-U-06210876,TE-B-54943221
TE-I-69884825,TE-O-28715153
TE-L-05018808,TE-U-34449096
TE-N-05956550,TE-T-02207049
TE-U-31806187,TE-H-64015709
TE-R-97289497,TE-I-64021872
TE-E-91352979,TE-X-03336558
TE-U-81308839,TE-L-98862226
TE-L-05810201,TE-V-41883326
TE-V-58428329,TE-D-59528665
TE-H-46032163,TE-Q-37155319
TE-H-61174034,TE-I-11539421
TE-L-98367788,TE-F-27549138
TE-N-77588215,TE-P-38475092
TE-G-14905840,TE-E-29979136
TE-T-49347767,TE-H-21938490
TE-W-75028930,TE-G-79908583
TE-O-37152176,TE-A-82500075
TE-X-45958280,TE-J-86035888
TE-J-83313795,TE-C-81068706
TE-Z-72205365,TE-F-23401386
TE-T-19263352,TE-C-75448121
TE-N-28063002,TE-O-05430179
TE-L-86886641,TE-M-25273408
TE-G-83724629,TE-T-33730022
TE-K-77577737,TE-A-73481051
TE-D-30518867,TE-Q-57631186
TE-Y-15795714,TE-L-43602628
TE-G-87879853,TE-T-75611049
TE-Y-42316313,TE-W-65106728
TE-J-08423027,TE-A-90947066
TE-P-78011882,TE-N-88109837
TE-I-33481530,TE-J-43448374
TE-W-38874731,TE-T-14781414
TE-T-28536871,TE-I-87506101
TE-L-93218107,TE-S-27380986
TE-S-67333335,TE-J-16076119
TE-E-39074595,TE-I-76747783
TE-K-28939408,TE-I-42898042
TE-H-21396136,TE-J-02444885
TE-A-18302524,TE-H-93558562
TE-M-73590852,TE-K-49474098
TE-Z-11457144,TE-R-25095803
TE-N-75510570,TE-P-36334031
TE-Q-75125602,TE-O-99316839
TE-D-28286923,TE-F-63739506
TE-H-93558562,TE-Q-76580942
TE-V-77238194,TE-M-90088710
TE-Y-97982464,TE-R-43462878
TE-D-15025097,TE-W-85255678
TE-Z-80090450,TE-K-61415804
TE-F-96353162,TE-K-28941909
TE-I-61056710,TE-B-31994975
TE-L-83509029,TE-I-20751627
TE-Y-51625431,TE-W-13710038
TE-R-07081960,TE-R-52302787
TE-E-47308004,TE-H-56187603
TE-B-95106209,TE-Y-21923832
TE-Z-09209478,TE-Y-52317344
TE-A-90967410,TE-S-74433227
TE-Z-32416143,TE-B-53418868
TE-Y-19554313,TE-J-14262795
TE-J-86218041,TE-I-68208933
TE-F-66697130,TE-A-00887937
TE-A-21871789,TE-Y-35134023
TE-H-80729966,TE-B-52558564
TE-H-79621773,TE-A-67698830
TE-M-45925171,TE-N-95971797
TE-E-82616275,TE-I-95759979
TE-P-15002717,TE-O-88086712
TE-J-20283606,TE-W-36218262
TE-H-27492923,TE-U-10695548
TE-M-09326601,TE-B-28729988
TE-M-99428591,TE-K-99842497
TE-I-13996090,TE-T-72410177
TE-D-92797086,TE-X-74694080
TE-T-23233090,TE-A-71824991
TE-A-20636685,TE-B-81215551
TE-B-32304513,TE-O-14830635
TE-M-81192246,TE-K-40033881
TE-K-69942440,TE-Z-13362108
TE-B-52563779,TE-V-20906509
TE-X-02941968,TE-J-54087323
TE-P-63077304,TE-U-15257540
TE-V-88488359,TE-S-41013200
TE-Z-99191472,TE-W-86973226
TE-K-63772736,TE-H-79621773
TE-I-37497777,TE-W-02060070
TE-N-48324625,TE-A-84895332
TE-N-90949212,TE-U-52219682
TE-V-33209326,TE-W-35375494
TE-T-06560106,TE-E-42086427
TE-N-24011807,TE-C-75628706
TE-N-98102470,TE-S-48041749
TE-F-89170008,TE-C-55813579
TE-M-67315840,TE-O-97587967
TE-P-70988665,TE-E-52922225
TE-J-69127662,TE-A-79960333
TE-E-19262965,TE-D-50617968
TE-B-95804288,TE-L-71990028
TE-J-43035770,TE-K-55326813
TE-A-29976873,TE-R-07857959
TE-D-73819158,TE-S-94249885
TE-Y-10334191,TE-G-52959962
TE-C-58111577,TE-A-44697240
TE-E-00456269,TE-U-10695548
TE-A-05590070,TE-D-06838208
TE-R-20424181,TE-Y-48429687
TE-J-58137028,TE-V-56495117
TE-K-00663348,TE-Z-74712164
TE-C-81068706,TE-U-00224665
TE-U-90763524,TE-Y-26550485
TE-E-29914050,TE-O-44989669
TE-E-30659712,TE-D-84661710
TE-W-64345456,TE-Z-80090450
TE-Q-46017501,TE-X-58835117
TE-D-00589426,TE-R-25095803
TE-D-01204645,TE-F-54762024
TE-Z-64599866,TE-Y-61457152
TE-R-52768826,TE-N-16301302
TE-B-95569661,TE-G-20812422
TE-H-15137404,TE-I-82043148
TE-T-50002206,TE-E-40896659
TE-B-13853014,TE-Y-90787285
TE-K-29791838,TE-S-44250267
TE-R-87137007,TE-D-12603644
TE-D-89091417,TE-R-46960277
TE-Y-47878040,TE-U-79092164
TE-T-08159714,TE-T-94518239
TE-M-21330892,TE-F-93369443
TE-H-98740316,TE-N-00457084
TE-K-91209646,TE-Q-67216482
TE-Q-08450966,TE-M-64095010
TE-T-22072514,TE-V-73078313
TE-E-94650456,TE-M-68541315
TE-I-68208933,TE-V-19162811
TE-J-77415852,TE-L-63163496
TE-A-05568598,TE-F-97021088
TE-K-98892767,TE-Q-49365434
TE-K-15881157,TE-A-00887937
TE-X-71751298,TE-C-10165226
TE-N-07541892,TE-P-72306770
TE-C-17026247,TE-B-95569661
TE-J-15501199,TE-O-44989669
TE-Q-16174871,TE-W-19126695
TE-V-55955848,TE-K-67855732
TE-B-45172796,TE-C-28389457
TE-D-51765321,TE-B-23757442
TE-Y-36500981,TE-L-76241283
TE-M-45783583,TE-S-43961730
TE-Q-62389797,TE-U-66392102
TE-M-98091754,TE-T-16876658
TE-O-60591419,TE-I-80314669
TE-G-21712850,TE-F-81907135
TE-I-86560298,TE-F-36586790
TE-S-44250267,TE-R-71303778
TE-I-58392846,TE-C-48911426
TE-E-07493148,TE-T-89979752
TE-K-26104063,TE-F-89170008
TE-O-57020805,TE-I-62496938
TE-P-92858400,TE-M-94599220
TE-H-09585204,TE-F-27896583
TE-E-25518738,TE-O-95925270
TE-Q-20796376,TE-E-55378610
TE-S-63085962,TE-Q-17881810
TE-G-89296918,TE-D-01533038
TE-Y-28739198,TE-E-77597887
TE-E-83602448,TE-T-00949725
TE-H-51145752,TE-V-02748150
TE-P-93376805,TE-H-41216408
TE-Y-26203078,TE-Z-15834123
TE-F-81907135,TE-J-43035770
TE-S-37985734,TE-M-45925171
TE-H-30401161,TE-O-00950537
TE-T-42177297,TE-N-70765200
TE-G-29082411,TE-K-55326813
TE-N-55417157,TE-W-86301966
TE-S-53711988,TE-L-43602628
TE-C-30382060,TE-E-11454735
TE-W-80474559,TE-A-45511149
TE-V-69621818,TE-O-31228981
TE-Q-34808625,TE-A-84303295
TE-T-65181779,TE-Q-75125602
TE-G-29630192,TE-H-45931546
TE-O-48584348,TE-N-93648874
TE-K-72459839,TE-C-10487248
TE-E-51205343,TE-O-56740913
TE-M-91440917,TE-V-73106651
TE-J-72470478,TE-M-09321928
TE-F-95883651,TE-J-57961656
TE-L-76241283,TE-Z-64599866
TE-R-97344600,TE-S-01865208
TE-M-16162620,TE-F-23401386
TE-L-28496576,TE-E-68200569
TE-G-61033465,TE-T-49347767
TE-N-85603976,TE-I-04630282
TE-W-27414811,TE-L-98862226
TE-O-08136757,TE-O-89849140
TE-N-15160083,TE-V-63268406
TE-V-00276391,TE-R-52768826
TE-O-48712522,TE-S-17482358
TE-A-64271805,TE-I-03201964
TE-Q-98337373,TE-F-05922881
TE-Q-71998964,TE-J-58137028
TE-Z-33350506,TE-J-52642687
TE-B-87008634,TE-A-48975701
TE-D-24247328,TE-I-99511698
TE-S-18180545,TE-D-91227600
TE-W-09678767,TE-R-84700316
TE-U-37801761,TE-N-29033381
TE-Q-13038138,TE-Q-54107829
TE-P-27408235,TE-K-46063706
TE-W-54376977,TE-F-54762024
TE-E-29979136,TE-P-03366345
TE-G-52566454,TE-V-55369812
TE-B-14432200,TE-Y-82145917
TE-O-11354582,TE-K-85558902
TE-M-03499599,TE-P-84306454
TE-H-10274989,TE-Q-43941848
TE-A-00887937,TE-I-75892387
TE-W-02060070,TE-Z-95694930
TE-Z-76840984,TE-N-10086826
TE-R-47956742,TE-O-99316839
TE-A-16961492,TE-H-84153837
TE-H-22351018,TE-T-70086798
TE-P-27088276,TE-T-11576414
TE-T-64518163,TE-G-28900321
TE-P-70660370,TE-T-22339578
TE-K-26175877,TE-Q-67216482
TE-D-90162696,TE-D-39826787
TE-T-10074113,TE-N-58887378
TE-S-76664096,TE-J-29526407
TE-S-72224212,TE-P-43172025
TE-N-44754077,TE-P-51316063
TE-L-65692444,TE-T-64518163
TE-F-64129352,TE-C-06482075
TE-P-48242835,TE-S-02103982
TE-B-53418868,TE-I-69884825
TE-B-64313213,TE-X-66924272
TE-A-84303295,TE-U-25598801
TE-K-68977716,TE-E-82616275
TE-A-64224872,TE-P-24539401
TE-M-87300972,TE-G-45091662
TE-I-71472335,TE-M-48280904
TE-L-16278637,TE-U-10695548
TE-D-32697565,TE-W-68530723
TE-A-06721421,TE-S-76664096
TE-M-14344880,TE-E-67375468
TE-F-93369443,TE-V-58428329
TE-A-99620571,TE-U-59036785
TE-Q-43937340,TE-R-05766825
TE-K-77984471,TE-G-29630192
TE-I-62805060,TE-W-12894572
TE-J-74369833,TE-H-10274989
TE-U-24239673,TE-G-60048380
TE-I-91546247,TE-H-56187603
TE-O-54205765,TE-A-25523848
TE-G-36231881,TE-P-08524542
TE-H-61939897,TE-H-85866069
TE-D-09104101,TE-U-10475286
TE-F-65269721,TE-D-14960168
TE-K-80241777,TE-E-53040091
TE-L-45313720,TE-N-58887378
TE-W-11978456,TE-Z-79378323
TE-O-91675844,TE-H-85665895
TE-S-70295090,TE-M-97152089
TE-K-46063706,TE-G-27870347
TE-X-39580414,TE-U-06210876
TE-U-66133440,TE-S-25759393
TE-W-22347047,TE-I-58392846
TE-X-15714024,TE-B-85198136
TE-O-48228786,TE-J-67012493
TE-L-01819497,TE-G-28900321
TE-H-84309591,TE-I-01249754
TE-M-32199388,TE-O-48228786
TE-L-49376439,TE-G-66137365
TE-Z-66352407,TE-U-78543534
TE-J-74461238,TE-H-62116754
TE-Q-81726652,TE-Z-95729420
TE-O-55530361,TE-M-80696314
TE-T-47658831,TE-S-80335474
TE-P-17155228,TE-O-17655345
TE-R-05651899,TE-J-81504919
TE-I-86646568,TE-Y-19088414
TE-H-43472756,TE-A-92547361
TE-S-25759393,TE-S-27380986
TE-R-93404116,TE-O-43228988
TE-K-47986763,TE-K-85175882
TE-R-94046337,TE-W-19960929
TE-B-73210875,TE-G-59591593
TE-B-98987458,TE-U-90763524
TE-D-25357145,TE-J-28658146
TE-C-55813579,TE-A-84895332
TE-X-00528646,TE-U-92747874
TE-W-94048933,TE-T-78247731
TE-V-96210321,TE-A-21871789
TE-U-52219682,TE-I-64201096
TE-W-04964087,TE-F-74727271
TE-V-32264115,TE-L-69741435
TE-S-18771732,TE-E-31912805
TE-T-31605294,TE-F-01533810
TE-N-60945948,TE-M-98024554
TE-X-53556641,TE-X-00528646
TE-R-79459704,TE-Y-81550863
TE-T-78247731,TE-N-62596274
TE-A-74645338,TE-A-16961492
TE-C-82298208,TE-W-12894572
TE-H-38496143,TE-K-02539170
TE-X-25574243,TE-O-57148020
TE-C-82340939,TE-P-03627584
TE-S-88686133,TE-K-08773334
TE-V-26067481,TE-Y-36971580
TE-H-83120145,TE-L-62024574
TE-H-56187603,TE-V-38407137
TE-O-77704444,TE-O-70048253
TE-U-57503284,TE-N-15160083
TE-Q-86520603,TE-W-68082134
TE-U-77864625,TE-B-10274800
TE-G-89401031,TE-C-66086638
TE-E-07717701,TE-Q-78162291
TE-M-18667544,TE-I-87299375
TE-O-04094999,TE-B-22500531
TE-W-45775895,TE-J-88197544
TE-N-95493440,TE-H-56187603
TE-Z-95490585,TE-Q-62389797
TE-X-45918432,TE-X-10687664
TE-O-17925821,TE-I-86646568
TE-F-36586790,TE-R-34755324
TE-J-16076119,TE-F-97239897
TE-G-20761612,TE-K-68520130
TE-Y-22958313,TE-J-74461238
TE-J-50717447,TE-A-73481051
TE-N-21069653,TE-Y-35112635
TE-T-72410177,TE-O-56740913
TE-X-78635820,TE-M-48280904
TE-U-35045002,TE-V-46613728
TE-J-28501726,TE-T-19280971
TE-H-83403821,TE-A-26223772
TE-H-25361111,TE-F-63739506
TE-K-30585777,TE-C-39109982
TE-C-03203960,TE-X-25617046
TE-Q-85701697,TE-Z-61292609
TE-B-72937347,TE-F-89774222
TE-B-96603396,TE-U-10695548
TE-J-62086970,TE-A-78615402
TE-P-50327315,TE-F-94463884
TE-W-43618040,TE-W-41978132
TE-E-68200569,TE-J-15501199
TE-S-43961730,TE-W-14801312
TE-R-52865006,TE-G-98083386
TE-O-04392312,TE-D-05942549
TE-S-02087571,TE-K-40033881
TE-T-99116384,TE-X-76055855
TE-J-53419381,TE-C-31242075
TE-S-14229138,TE-Q-46017501
TE-P-81719962,TE-E-55378610
TE-O-14830635,TE-M-15717292
TE-Z-19288076,TE-Q-43937340
TE-E-75454027,TE-E-79442549
TE-R-72330568,TE-G-07944046
TE-S-46552859,TE-I-82408854
TE-S-72186409,TE-R-79045591
TE-T-17851040,TE-A-26289235
TE-G-20629736,TE-Y-21923832
TE-T-10952261,TE-I-92941813
TE-Y-84339596,TE-F-51382584
TE-Z-79129610,TE-A-92547361
TE-V-46613728,TE-W-41630290
TE-L-70943034,TE-G-59591593
TE-O-97587967,TE-N-97498003
TE-A-91221716,TE-E-63170766
TE-Q-30995633,TE-Y-94740653
TE-U-95288905,TE-I-45843244
TE-A-06853074,TE-F-39589541
TE-R-01674019,TE-X-77542589
TE-W-98438714,TE-H-20612361
TE-K-81078117,TE-J-91539816
TE-I-45159431,TE-N-93648874
TE-Y-49160936,TE-T-22072514
TE-F-35530950,TE-W-36218262
TE-W-90067280,TE-H-07038203
TE-O-00950537,TE-R-20424181
TE-E-31912805,TE-Q-54107829
TE-R-27173562,TE-V-69668550
TE-F-51382584,TE-K-16969932
TE-G-07048798,TE-Z-98086896
TE-M-69044887,TE-Z-38417265
TE-W-44476768,TE-L-99303774
TE-T-94518239,TE-C-55813579
TE-D-02731853,TE-J-16095323
TE-J-54087323,TE-O-00858287
TE-A-14169225,TE-S-64774945
TE-A-02591537,TE-X-76055855
TE-F-93973144,TE-Z-15997492
TE-M-76679219,TE-I-09287183
TE-Q-95862097,TE-Q-99885804
TE-K-75362065,TE-I-67375451
TE-A-84895332,TE-C-12202724
TE-M-34412538,TE-M-83616529
TE-C-39109982,TE-M-63402770
TE-E-07583899,TE-F-41938455
TE-D-51905659,TE-I-61050755
TE-M-68541315,TE-A-01123183
TE-Z-13419158,TE-C-97441886
TE-D-09980336,TE-J-86444141
TE-Y-19566521,TE-Z-67598858
TE-G-20812422,TE-R-24233885
TE-Z-95598099,TE-G-74237405
TE-A-32090564,TE-J-78401810
TE-O-00284220,TE-B-51987390
TE-U-00224665,TE-H-83120145
TE-B-10274800,TE-N-66657662
TE-Z-66062373,TE-D-43847475
TE-L-81930136,TE-H-61939897
TE-Q-64836767,TE-W-41197588
TE-B-28715030,TE-C-47713186
TE-Z-36948520,TE-W-49434363
TE-B-51987390,TE-L-29042222
TE-U-10475286,TE-Q-91422469
TE-Z-27180931,TE-R-52768826
TE-C-73167769,TE-G-87879853
TE-S-41694336,TE-A-89213627
TE-H-71506912,TE-W-16091942
TE-L-84196179,TE-V-41069293
TE-T-87932870,TE-Y-35134023
TE-J-76877315,TE-C-68264188
TE-G-82421302,TE-W-25134284
TE-R-71303778,TE-A-44697240
TE-Z-50988836,TE-K-62326595
TE-N-19720479,TE-S-42015137
TE-T-69965058,TE-N-04546783
TE-T-15747006,TE-T-69711691
TE-J-78864380,TE-Z-19206376
TE-F-15153099,TE-G-61033465
TE-X-76055855,TE-D-83237043
TE-D-84661710,TE-B-46754588
TE-J-56503985,TE-S-23438054
TE-R-44638514,TE-N-08679852
TE-S-54648638,TE-U-55208583
TE-I-60785204,TE-U-33000433
TE-A-26223772,TE-O-40849545
TE-B-52558564,TE-A-32090564
TE-Z-75422389,TE-U-36254068
TE-X-85842168,TE-G-82421302
TE-R-09759923,TE-G-59591593
TE-S-68316207,TE-M-16162620
TE-F-12457797,TE-L-84196179
TE-P-70176431,TE-G-20812422
TE-K-57280537,TE-X-44110483
TE-H-93326092,TE-X-03859778
TE-O-12860566,TE-T-69711691
TE-G-14128859,TE-Y-95428076
TE-J-67012493,TE-K-55326813
TE-N-26335192,TE-L-75663265
TE-I-38856370,TE-K-74544973
TE-I-56562800,TE-N-65047152
TE-E-89454008,TE-O-38013972
TE-Y-05051297,TE-J-86218041
TE-Z-67598858,TE-J-04899513
TE-N-93648874,TE-G-62790701
TE-C-24635261,TE-Z-07548106
TE-L-34590940,TE-P-83363187
TE-F-55841068,TE-I-77319526
TE-P-45165502,TE-M-20124119
TE-F-25788570,TE-N-87318350
TE-G-07944046,TE-S-74072461
TE-M-95845660,TE-G-13941474
TE-D-24456601,TE-D-11764561
TE-C-97540148,TE-O-89849140
TE-K-56425226,TE-M-66887146
TE-B-23757442,TE-E-28226532
TE-B-80346327,TE-L-98862226
TE-U-52712859,TE-V-00276391
TE-S-19706231,TE-I-76747783
TE-A-50879595,TE-A-21933311
TE-V-38904461,TE-S-70295090
TE-T-17588047,TE-D-13287322
TE-X-89018814,TE-T-61854868
TE-J-33938639,TE-R-58765743
TE-T-49031150,TE-U-57503284
TE-N-06907557,TE-U-26422585
TE-H-50293983,TE-O-55530361
TE-S-38996773,TE-P-34594078
TE-G-55468234,TE-H-44590765
TE-W-64193915,TE-M-96933987
TE-J-43550165,TE-Y-89392182
TE-X-06908112,TE-Z-66062373
TE-T-41074942,TE-X-88005686
TE-I-04630282,TE-Z-38417265
TE-F-75877390,TE-V-77238194
TE-K-67391687,TE-D-59334695
TE-L-36617489,TE-Z-95490585
TE-V-93684495,TE-C-74290047
TE-B-19781034,TE-A-57494599
TE-Y-93478575,TE-K-46063706
TE-E-53040091,TE-L-31995231
TE-E-55308147,TE-A-14169225
TE-P-37637982,TE-L-97766469
TE-Z-77771066,TE-X-79158234
TE-F-08166516,TE-I-71472335
TE-S-04375398,TE-G-82092622
TE-E-83728677,TE-Y-84339596
TE-I-44698105,TE-N-05956550
TE-F-77224987,TE-K-98157236
TE-X-12883465,TE-G-89900009
TE-H-57643444,TE-K-54831429
TE-P-10498640,TE-U-21126624
TE-M-20453509,TE-N-27568307
TE-B-56440516,TE-R-12382414
TE-N-05028438,TE-L-08289298
TE-C-27909846,TE-H-25580740
TE-T-00949725,TE-V-02732941
TE-O-00858287,TE-K-55326813
TE-V-75028271,TE-P-80213487
TE-P-29097629,TE-I-91420536
TE-B-99134117,TE-F-89170008
TE-U-57219066,TE-L-30915245
TE-P-20993075,TE-O-72910157
TE-M-00716547,TE-F-81907135
TE-G-80148546,TE-W-80474559
TE-T-61845515,TE-D-67594468
TE-R-07857959,TE-O-30141480
TE-V-41069293,TE-D-19517796
TE-G-66137365,TE-Y-19566521
TE-V-12565766,TE-M-94599220
TE-M-30583088,TE-E-94650456
TE-J-60614508,TE-O-31228981
TE-U-62275936,TE-P-29472475
TE-S-03278742,TE-W-87188567
TE-O-55045732,TE-A-06853074
TE-A-73506016,TE-U-90906033
TE-D-60069946,TE-I-00159334
TE-G-06110674,TE-N-69110286
TE-R-17820260,TE-U-36254068
TE-N-95971797,TE-E-66340690
TE-F-97021088,TE-R-14340373
TE-O-40849545,TE-Q-20796376
TE-V-07400035,TE-P-27088276
TE-M-98024554,TE-H-57643444
TE-Y-82145917,TE-S-27380986
TE-I-96749414,TE-V-19469891
TE-Z-62694034,TE-S-68345034
TE-I-62496938,TE-X-74694080
TE-F-16572832,TE-I-61390513
TE-D-12603644,TE-V-57529665
TE-Z-30284749,TE-E-90571834
TE-K-63414549,TE-R-35962057
TE-N-37385613,TE-K-99842497
TE-D-50548496,TE-I-58392846
TE-Y-32513475,TE-A-90947066
TE-R-61096677,TE-X-00539812
TE-S-01865208,TE-L-31995231
TE-G-79385640,TE-R-38283010
TE-C-07475142,TE-F-22380610
TE-X-08760959,TE-O-78607102
TE-C-72848144,TE-O-25552796
TE-Q-26542566,TE-B-72410985
TE-L-35345633,TE-J-85380628
TE-V-63268406,TE-S-23438054
TE-H-87356870,TE-Q-26542566
TE-H-85665895,TE-Y-32513475
TE-A-22783598,TE-D-20978938
TE-J-37782549,TE-U-78543534
TE-U-18320517,TE-T-02207049
TE-V-67909185,TE-D-83237043
TE-C-65443714,TE-I-03628110
TE-D-20978938,TE-W-06261051
TE-J-11154319,TE-W-06225015
TE-F-83857589,TE-H-50293983
TE-M-83689003,TE-S-32271194
TE-M-59391696,TE-A-31476255
TE-N-66657662,TE-J-76877315
TE-V-53921267,TE-O-80953570
TE-Z-31945143,TE-F-12124795
TE-B-72410985,TE-Z-46217511
TE-V-01956757,TE-Q-72204225
TE-M-97637669,TE-X-31343158
TE-Y-68666387,TE-Y-68666387
TE-J-24873082,TE-B-31994975
TE-Z-87719149,TE-B-52563779
TE-F-08464263,TE-R-76524013
TE-C-68264188,TE-M-98024554
TE-Z-63253990,TE-I-61050755
TE-L-43602628,TE-P-80718184
TE-R-40336832,TE-M-66887146
TE-I-39441694,TE-M-00527607
TE-V-57529665,TE-I-64942761
TE-V-48950194,TE-L-35345633
TE-B-36272726,TE-W-86301966
TE-P-20640711,TE-K-12010560
TE-R-31253759,TE-N-75404235
TE-Z-24468389,TE-P-99777704
TE-T-85393400,TE-A-16961492
TE-Y-17645152,TE-L-98367788
TE-N-29548530,TE-S-48183967
TE-H-49399030,TE-G-82092622
TE-S-01635229,TE-T-09265731
TE-X-28900488,TE-V-76885079
TE-U-10695548,TE-C-17026247
TE-J-02444885,TE-T-16876658
TE-Y-52410934,TE-D-83237043
TE-T-16876658,TE-L-71990028
TE-U-88912819,TE-S-32828165
TE-Y-40660657,TE-M-95151790
TE-Y-21263661,TE-A-84303295
TE-Y-26550485,TE-U-52869639
TE-X-21346660,TE-K-57280537
TE-N-88109837,TE-B-53364778
TE-T-51263511,TE-K-80114363
TE-O-70048253,TE-P-78011882
TE-M-94599220,TE-K-70878382
TE-V-93285226,TE-P-98108999
TE-S-48041749,TE-X-22370642
TE-J-58987294,TE-O-78607102
TE-L-91505103,TE-C-11392752
TE-N-12570286,TE-V-30781827
TE-L-15594322,TE-I-86560298
TE-H-43008325,TE-O-05464628
TE-G-42178909,TE-W-76437033
TE-D-96447808,TE-U-40305972
TE-P-97891830,TE-Z-95490585
TE-P-23062542,TE-D-36538267
TE-V-38407137,TE-N-50689718
TE-F-80924746,TE-F-24436645
TE-A-57494599,TE-E-22226171
TE-S-60269669,TE-Z-31945143
TE-N-97176716,TE-A-64224872
TE-E-61680391,TE-D-98620050
TE-O-28715153,TE-H-80729966
TE-H-21938490,TE-S-48082254
TE-X-71305163,TE-Z-76840984
TE-C-24678004,TE-N-55417157
TE-C-10165226,TE-O-80953570
TE-G-89900009,TE-Q-15100900
TE-V-23934722,TE-R-07857959
TE-I-51308204,TE-Q-15100900
TE-U-39859796,TE-Y-89392182
TE-B-14571296,TE-J-16076119
TE-N-10678120,TE-N-11657406
TE-X-77832588,TE-L-34590940
TE-G-68998262,TE-M-51105592
TE-I-85375997,TE-R-77748549
TE-R-79045591,TE-X-78635820
TE-W-19950555,TE-C-55813579
TE-B-54423946,TE-O-45869590
TE-F-87993101,TE-N-88109837
TE-P-83363187,TE-A-14169225
TE-Z-70048023,TE-Y-47953032
TE-D-51830559,TE-B-86322259
TE-U-77379444,TE-U-77379444
TE-T-11576414,TE-C-48911426
TE-D-67594072,TE-I-86560298
TE-B-68257608,TE-A-45511149
TE-T-88715255,TE-H-51145752
TE-I-91420536,TE-B-71845222
TE-B-11087901,TE-W-45604260
TE-L-40144895,TE-H-94632234
TE-R-36958275,TE-C-07475142
TE-M-97152089,TE-D-26910743
TE-P-00772228,TE-M-98024554
TE-T-64183766,TE-O-06394998
TE-R-40513722,TE-P-41954413
TE-P-96917331,TE-X-00539812
TE-C-31242075,TE-P-81227657
TE-P-03627584,TE-U-62087820
TE-R-56723223,TE-P-58272526
TE-U-34449096,TE-F-27592974
TE-S-74531222,TE-S-37985734
TE-Q-91422469,TE-A-87374901
TE-K-38512044,TE-V-91738393
TE-L-07784469,TE-E-28226532
TE-R-93113405,TE-O-51802235
TE-L-52807225,TE-C-73167769
TE-J-79539179,TE-D-62701473
TE-P-72306770,TE-J-00702989
TE-F-58780016,TE-X-88005686
TE-S-94249885,TE-T-92667874
TE-Y-63802338,TE-M-47455815
TE-M-15581860,TE-K-16195752
TE-A-06861810,TE-Z-66526941
TE-O-41110055,TE-A-71894636
TE-Q-43941848,TE-X-31343158
TE-H-45931546,TE-N-32354132
TE-L-99303774,TE-M-97637669
TE-V-64877414,TE-C-51823003
TE-T-32618979,TE-B-64098096
TE-P-05684224,TE-A-99620571
TE-J-86444141,TE-S-00849170
TE-O-51802235,TE-M-06529312
TE-Y-25060488,TE-N-59960900
TE-B-76816085,TE-P-36833704
TE-Y-72994467,TE-K-21104506
TE-I-65008327,TE-Y-88644019
TE-Y-94740653,TE-S-54648638
TE-Q-16137869,TE-I-86646568
TE-O-31005533,TE-X-53726396
TE-V-00554950,TE-M-02512395
TE-H-69844497,TE-L-75980922
TE-I-67375451,TE-M-14767000
TE-N-05539295,TE-I-65008327
TE-W-41197588,TE-S-88686133
TE-F-90228557,TE-Q-54107829
TE-H-47667285,TE-E-57040286
TE-T-75892285,TE-B-22694891
TE-V-20906509,TE-R-31253759
TE-J-57961656,TE-S-01760648
TE-V-24786892,TE-Q-16174871
TE-B-86322259,TE-U-93117864
TE-B-28194666,TE-N-62596274
TE-H-14132088,TE-M-79137840
TE-J-88197544,TE-I-11539421
TE-R-95547661,TE-E-72102330
TE-K-98157236,TE-U-11901076
TE-F-37173141,TE-P-00730977
TE-B-42991049,TE-W-81072099
TE-F-93134406,TE-V-75028271
TE-Y-97895810,TE-U-27541332
TE-D-43847475,TE-H-92183791
TE-U-84724821,TE-C-27909846
TE-Z-54086937,TE-Y-48982864
TE-H-25580740,TE-C-48911426
TE-O-40141590,TE-Z-30284749
TE-C-47617412,TE-D-24925698
TE-A-60251132,TE-I-37497777
TE-X-79326396,TE-R-01704386
TE-L-86603748,TE-N-10086826
TE-P-51316063,TE-Z-75422389
TE-L-76547857,TE-P-17155228
TE-C-15236106,TE-J-28097290
TE-S-55364647,TE-E-83602448
TE-M-95823004,TE-E-14487478
TE-U-14025281,TE-R-20179591
TE-R-31502576,TE-H-69844497
TE-U-11901076,TE-W-00879861
TE-G-76721126,TE-W-04964087
TE-G-00867135,TE-B-02432340
TE-Z-41124037,TE-L-17158338
TE-H-97894563,TE-I-49519165
TE-W-15025207,TE-Y-42316313
TE-S-73307967,TE-T-89337187
TE-F-63799831,TE-P-18542711
TE-N-71359116,TE-O-72910157
TE-Y-69107319,TE-I-86528165
TE-K-85175882,TE-M-98024554
TE-V-87063760,TE-I-20751627
TE-R-38413823,TE-T-06560106
TE-Y-78668590,TE-F-89060618
TE-T-22709538,TE-Z-70048023
TE-V-85211135,TE-P-81719962
TE-S-54353707,TE-F-87993101
TE-M-14767000,TE-V-55955848
TE-N-87318350,TE-V-93285226
TE-A-86687123,TE-U-33245753
TE-B-71850761,TE-D-50032693
TE-M-20161784,TE-X-39748499
TE-L-04220755,TE-J-79348687
TE-V-85951191,TE-O-41110055
TE-G-55345189,TE-H-07038203
TE-T-98646549,TE-V-54937653
TE-D-05942549,TE-B-37423323
TE-Y-47428282,TE-S-72224212
TE-W-95922544,TE-K-85175882
TE-I-76747783,TE-P-06130614
TE-S-47229589,TE-B-53418868
TE-Z-74690310,TE-E-83230376
TE-Q-57889560,TE-S-10445574
TE-H-72000194,TE-H-62535495
TE-L-30919238,TE-R-52865006
TE-Z-59747406,TE-Q-76580942
TE-D-43625720,TE-D-96105458
TE-R-30982636,TE-V-62024809
TE-B-85198136,TE-S-23438054
TE-D-64988027,TE-I-65441709
TE-S-52990315,TE-N-75510570
TE-W-18635305,TE-I-30889379
TE-O-05464628,TE-I-30889379
TE-B-10722228,TE-D-50617968
TE-I-45905487,TE-O-51802235
TE-F-39589541,TE-W-44259720
TE-R-08650525,TE-Q-85009490
TE-H-60138159,TE-X-45759978
TE-X-66924272,TE-U-34449096
TE-Y-52317344,TE-T-80989491
TE-M-08332252,TE-R-27477511
TE-T-08127692,TE-R-68036889
TE-G-98083386,TE-Q-13032005
TE-G-50064706,TE-D-97872986
TE-O-08659218,TE-K-38354022
TE-G-69726880,TE-H-07038203
TE-P-08524542,TE-P-00402907
TE-B-81540449,TE-D-24456601
TE-L-44832356,TE-Q-61657932
TE-H-91880558,TE-Y-47428282
TE-W-22065909,TE-H-43008325
TE-E-83230376,TE-V-93285226
TE-F-15177133,TE-N-88109837
TE-L-56329648,TE-F-83857589
TE-X-25617046,TE-A-26223772
TE-P-49205903,TE-N-54570403
TE-R-43462878,TE-W-76437033
TE-N-91042632,TE-I-43198745
TE-B-60816793,TE-I-33481530
TE-A-10772504,TE-Y-69107319
TE-H-68234401,TE-Q-26542566
TE-A-36428242,TE-N-29548530
TE-T-32137717,TE-G-28900321
TE-Q-54490003,TE-Q-08450966
TE-P-64838473,TE-R-35962057
TE-J-98674188,TE-C-12202724
TE-K-87712098,TE-G-80177759
TE-S-15337522,TE-X-57954516
TE-K-91218683,TE-H-47280073
TE-K-50686738,TE-Z-70048023
TE-B-22694891,TE-I-13475159
TE-N-59960900,TE-R-07857959
TE-Q-99885804,TE-K-50782378
TE-X-03336558,TE-L-97766469
TE-X-03722426,TE-O-55530361
TE-E-72330614,TE-M-73121557
TE-Q-74038903,TE-H-62116754
TE-U-71461480,TE-S-32828165
TE-M-81347239,TE-E-62154701
TE-P-25179339,TE-D-43847475
TE-S-80884554,TE-N-55417157
TE-P-98108999,TE-V-38407137
TE-B-38138832,TE-Y-50695923
TE-E-42086427,TE-A-92547361
TE-Q-15274508,TE-M-04036858
TE-W-63038306,TE-B-95106209
TE-R-61069510,TE-V-06676395
TE-V-13198168,TE-Y-26162926
TE-Z-19206376,TE-Y-26203078
TE-U-22227803,TE-W-04964087
TE-L-57800437,TE-Y-22958313
TE-F-62571648,TE-S-01474448
TE-I-72317036,TE-K-00663348
TE-O-91629750,TE-R-93404116
TE-K-76541755,TE-H-03708600
TE-X-61015682,TE-T-02207049
TE-E-26982072,TE-O-11768172
TE-K-02539170,TE-K-63772736
TE-T-28882705,TE-B-22694891
TE-O-39009212,TE-Y-90787285
TE-N-75404235,TE-B-28236152
TE-Y-30055944,TE-B-14421463
TE-Q-55191943,TE-W-45182522
TE-I-33909223,TE-B-52558564
TE-W-83583830,TE-M-75586840
TE-M-15868445,TE-R-33885929
TE-T-69711691,TE-P-89999775
TE-G-82324795,TE-C-92019089
TE-D-07536393,TE-J-00702989
TE-G-09960728,TE-L-04220755
TE-M-09321928,TE-U-16873261
TE-I-49540944,TE-Y-35112635
TE-W-49434363,TE-D-26167484
TE-D-19314531,TE-G-68998262
TE-V-08336886,TE-R-32317926
TE-I-82043148,TE-A-18275488
TE-S-90410391,TE-D-15477815
TE-O-52397882,TE-T-56867117
TE-O-28737323,TE-L-43602628
TE-N-44471566,TE-W-81072099
TE-B-51385672,TE-X-45759978
TE-A-53088438,TE-W-44476768
TE-P-40626926,TE-J-57961656
TE-R-12382414,TE-V-06676395
TE-H-82760237,TE-J-03191771
TE-E-48373760,TE-O-36478106
TE-K-99124634,TE-Y-84339596
TE-K-85558902,TE-G-61084267
TE-H-42247192,TE-M-11079997
TE-V-96733756,TE-J-88197544
TE-L-64068678,TE-K-85175882
TE-T-61854868,TE-C-97441886
TE-I-91513800,TE-Y-52410934
TE-X-58552051,TE-D-20978938
TE-K-59516853,TE-R-38283010
TE-C-77394186,TE-T-55881590
TE-M-03136126,TE-M-16900877
TE-Y-35112635,TE-C-31242075
TE-G-16637918,TE-J-93452712
TE-F-04371398,TE-B-32692715
TE-P-57676099,TE-R-27477511
TE-O-49154682,TE-H-14132088
TE-A-76961252,TE-L-35004262
TE-N-50988648,TE-C-09714458
TE-S-02103982,TE-A-26723268
TE-O-65323196,TE-S-06867185
TE-D-91227600,TE-W-27990203
TE-Y-50414780,TE-J-00610569
TE-L-80356447,TE-J-43448374
TE-C-67414778,TE-E-81496007
TE-X-77542589,TE-U-67694520
TE-U-31081793,TE-O-41110055
TE-I-82408854,TE-M-82324063
TE-Q-19198382,TE-K-15881157
TE-V-91738393,TE-B-98987458
TE-A-45511149,TE-P-10498640
TE-M-15717292,TE-J-92494299
TE-R-42034417,TE-O-77704444
TE-W-27990203,TE-O-55530361
TE-V-01821389,TE-P-25179339
TE-V-04543766,TE-D-34803409
TE-M-50405208,TE-B-07060140
TE-W-00879861,TE-T-17851040
TE-V-79036924,TE-H-20612361
TE-R-38610761,TE-J-03191771
TE-V-14135720,TE-J-57961656
TE-P-72527748,TE-V-65373522
TE-U-86197355,TE-Z-38417265
TE-H-92100988,TE-D-01533038
TE-T-17245354,TE-I-86560298
TE-W-76437033,TE-G-82810540
TE-P-65792592,TE-E-52922225
TE-E-72102330,TE-X-06908112
TE-D-01533038,TE-N-59960900
TE-K-35088713,TE-S-43961730
TE-Q-75826848,TE-H-10264769
TE-O-83424532,TE-K-17169029
TE-A-53133707,TE-X-06908112
TE-V-41883326,TE-I-86528165
TE-P-00402907,TE-Y-71987939
TE-D-54963485,TE-L-86886641
TE-U-30218633,TE-X-45759978
TE-Q-59491844,TE-D-24456601
TE-J-03191771,TE-K-21104506
TE-W-68530723,TE-H-62116754
TE-Y-89392182,TE-Y-35112635
TE-I-63750323,TE-D-09980336
TE-G-78960074,TE-G-20761612
TE-K-67855732,TE-H-82760237
TE-K-49592335,TE-G-98083386
TE-G-91146032,TE-W-27414811
TE-F-60711369,TE-T-89337187
TE-K-50652281,TE-D-24925698
TE-Z-76992108,TE-Q-39121732
TE-D-11690540,TE-O-45132834
TE-W-63840890,TE-W-27990203
TE-U-79092164,TE-B-95106209
TE-K-06774222,TE-Y-15795714
TE-E-05675819,TE-R-34755324
TE-R-38283010,TE-E-22226171
TE-P-43172025,TE-Y-53687350
TE-P-89999775,TE-A-73481051
TE-U-26422585,TE-D-60069946
TE-H-03708600,TE-G-80148546
TE-F-89774222,TE-L-35004262
TE-T-85531524,TE-Q-43937340
TE-Z-43221917,TE-R-25095803
TE-R-83432844,TE-R-52302787
TE-C-49354928,TE-W-45182522
TE-W-19960929,TE-G-50730522
TE-W-39882628,TE-W-63840890
TE-E-28226532,TE-P-25134271
TE-P-80213487,TE-E-42086427
TE-O-47824514,TE-M-51640233
TE-M-97045827,TE-J-99966455
TE-A-25523848,TE-K-74544973
TE-P-15464961,TE-C-75628706
TE-Y-09252603,TE-Z-17526162
TE-G-01180001,TE-M-49575168
TE-I-45843244,TE-T-32137717
TE-M-12225216,TE-V-55955848
TE-I-61415489,TE-K-54831429
TE-Q-39121732,TE-A-53133707
TE-X-84444369,TE-E-76113315
TE-J-45312768,TE-S-74072461
TE-W-93361706,TE-G-27870347
TE-X-00119621,TE-J-88197544
TE-P-99777704,TE-H-79621773
TE-B-39932080,TE-P-17155228
TE-N-41453504,TE-Z-95729420
TE-V-65318223,TE-C-07475142
TE-P-34064076,TE-I-13475159
TE-T-87734259,TE-Y-50695923
TE-E-80508710,TE-P-60070573
TE-G-19491906,TE-S-80884554
TE-Y-30855757,TE-H-09585204
TE-B-02367978,TE-F-60711369
TE-O-92931431,TE-X-45759978
TE-R-70790465,TE-Y-40660657
TE-C-12202724,TE-F-63739506
TE-V-35670274,TE-F-04371398
TE-W-70212568,TE-E-76999627
TE-Q-15610477,TE-T-99116384
TE-J-86805266,TE-N-29548530
TE-M-94175674,TE-U-06210876
TE-B-71845222,TE-Y-25124063
TE-C-68888633,TE-B-81215551
TE-G-60048380,TE-L-26329705
TE-P-84306454,TE-J-78259624
TE-U-52869639,TE-N-20576807
TE-E-37596966,TE-D-89091417
TE-R-14340373,TE-S-41013200
TE-J-44751358,TE-E-66581450
TE-X-44110483,TE-I-61390513
TE-G-11212840,TE-D-02731853
TE-P-07578406,TE-V-49534203
TE-F-50928776,TE-S-55364647
TE-C-48911426,TE-R-08650525
TE-H-32893385,TE-R-52865006
TE-F-94463884,TE-L-01819497
TE-B-37107152,TE-O-28715153
TE-S-74433227,TE-S-11393265
TE-K-55326813,TE-N-75510570
TE-B-53364778,TE-O-89849140
TE-I-03628110,TE-Q-16174871
TE-Z-07548106,TE-J-28097290
TE-Q-60686041,TE-O-21802461
TE-P-94968536,TE-J-75414793
TE-X-53726396,TE-J-59604780
TE-N-62596274,TE-Z-09108184
TE-T-56867117,TE-H-82760237
TE-C-86579873,TE-S-44250267
TE-J-67219728,TE-R-01674019
TE-V-02702159,TE-R-08650525
TE-F-79597457,TE-Z-17526162
TE-D-59528665,TE-D-83826050
TE-O-80953570,TE-J-02444885
TE-Q-76234168,TE-W-45604260
TE-X-10851557,TE-A-26723268
TE-F-81000399,TE-S-42015137
TE-X-04918804,TE-Q-74038903
TE-J-99084985,TE-T-36928592
TE-D-15594939,TE-Q-71998964
TE-W-17773414,TE-V-11838671
TE-H-16860507,TE-U-04383966
TE-J-09011544,TE-T-02207049
TE-V-07256552,TE-O-88086712
TE-D-19269463,TE-C-86579873
TE-W-81072099,TE-F-28684306
TE-A-26723268,TE-Y-36971580
TE-F-93324339,TE-U-35045002
TE-Q-57631186,TE-V-48950194
TE-H-93679877,TE-B-02432340
TE-P-65482546,TE-Y-50695923
TE-B-48984528,TE-F-83151282
TE-Y-36614699,TE-Y-65665621
TE-A-87374901,TE-V-81832890
TE-U-15257540,TE-A-89213627
TE-P-02794690,TE-S-11393265
TE-Z-09108184,TE-R-14340373
TE-G-23828204,TE-A-44697240
TE-B-15789136,TE-D-11764561
TE-M-12399555,TE-P-64838473
TE-C-38774427,TE-Q-77202610
TE-U-36254068,TE-K-09945207
TE-D-15477815,TE-F-89774222
TE-T-77224584,TE-Y-19554313
TE-U-67694520,TE-N-49205185
TE-B-78023623,TE-Z-74712164
TE-Q-41941389,TE-V-71146621
TE-B-14421463,TE-M-29659037
TE-Y-93691188,TE-I-64942761
TE-G-79714759,TE-V-49847800
TE-A-71878234,TE-K-16969932
TE-S-28221635,TE-L-08289298
TE-N-03392143,TE-F-89115279
TE-M-20620236,TE-M-96142281
TE-D-51795790,TE-I-86560298
TE-W-41630290,TE-W-04964087
TE-B-32692715,TE-I-63750323
TE-H-62535495,TE-L-11019917
TE-R-52302787,TE-J-74369833
TE-L-69741435,TE-W-71015326
TE-U-82173846,TE-K-16643390
TE-W-45182522,TE-I-24822197
TE-V-69668550,TE-Z-85140561
TE-I-00159334,TE-K-70878382
TE-Q-64085641,TE-R-08650525
TE-C-00496908,TE-Z-31945143
TE-E-57040286,TE-V-71910852
TE-K-15992802,TE-T-49347767
TE-G-32384949,TE-M-37442993
TE-M-20124119,TE-H-60138159
TE-G-52959962,TE-B-13895541
TE-V-02888635,TE-J-60614508
TE-M-61785508,TE-A-71753719
TE-Z-00031782,TE-X-53556641
TE-X-17838806,TE-Q-41941389
TE-K-89739030,TE-V-71910852
TE-Y-22229797,TE-D-51765321
TE-M-60627224,TE-A-99620571
TE-E-00433041,TE-R-72330568
TE-D-11764561,TE-H-19597646
TE-G-75429394,TE-D-10043330
TE-D-24925698,TE-Y-93927476
TE-K-92772477,TE-H-72000194
TE-Z-45495067,TE-Z-66526941
TE-Z-36119146,TE-M-04036858
TE-M-96933987,TE-T-19263352
TE-A-79960333,TE-J-99966455
TE-H-89718260,TE-F-86325984
TE-K-09945207,TE-T-72410177
TE-R-30494981,TE-U-54321409
TE-P-47280932,TE-E-07717701
TE-K-29268568,TE-T-56867117
TE-O-56740913,TE-Y-53687350
TE-Z-35348105,TE-Q-26542566
TE-L-04443236,TE-B-95106209
TE-G-61083767,TE-D-60069946
TE-G-18878143,TE-H-98740316
TE-S-64774945,TE-R-61996663
TE-Q-77202610,TE-J-99084985
TE-Q-49414805,TE-P-27088276
TE-V-90513073,TE-B-60816793
TE-B-29881513,TE-Q-75826848
TE-N-03713636,TE-B-10722228
TE-E-11134192,TE-U-77379444
TE-V-45956243,TE-C-10165226
TE-E-77597887,TE-E-83602448
TE-B-81215551,TE-D-57052533
TE-L-12499037,TE-D-09104101
TE-Q-05194477,TE-A-50879595
TE-W-60349268,TE-J-43935023
TE-P-25134271,TE-M-47333173
TE-E-56116129,TE-P-80213487
TE-D-59334695,TE-Y-19554313
TE-F-58138517,TE-F-27592974
TE-O-03373299,TE-J-29526407
TE-J-00702989,TE-S-11393265
TE-G-50730522,TE-K-16969932
TE-Y-48429687,TE-R-30494981
TE-M-30199275,TE-Y-26550485
TE-E-70605455,TE-A-38141159
TE-R-33885929,TE-K-16643390
TE-N-49205185,TE-V-66437295
TE-M-64095010,TE-E-94650456
TE-J-30721390,TE-G-72303910
TE-F-12952209,TE-J-28658146
TE-B-21825782,TE-M-97152089
TE-B-28236152,TE-V-22186295
TE-T-16768646,TE-B-81215551
TE-L-03103559,TE-U-70116838
TE-M-71028196,TE-W-41978132
TE-N-77694923,TE-K-63772736
TE-A-22687453,TE-L-48049924
TE-P-24539401,TE-F-08166516
TE-K-68520130,TE-H-42247192
TE-B-68751799,TE-B-68257608
TE-C-11398926,TE-O-88086712
TE-G-72303910,TE-M-67315840
TE-M-79137840,TE-L-65552484
TE-B-16294271,TE-I-20751627
TE-D-58001438,TE-J-53419381
TE-H-19493499,TE-B-54193819
TE-I-50607324,TE-O-55530361
TE-B-54193819,TE-S-22249351
TE-L-82662363,TE-V-35670274
TE-D-63253519,TE-U-18507174
TE-E-80180972,TE-T-09265731
TE-O-34948665,TE-V-17658595
TE-S-82724095,TE-Z-95774436
TE-G-62790701,TE-A-62631813
TE-D-91901572,TE-I-15003614
TE-O-84416776,TE-U-84234449
TE-P-79380051,TE-T-32618979
TE-R-04355154,TE-R-38837048
TE-M-13916924,TE-B-83170550
TE-I-20751627,TE-B-31994975
TE-B-64098096,TE-J-44751358
TE-K-74544973,TE-G-01180001
TE-Y-71987939,TE-X-10652234
TE-D-67268242,TE-O-49375419
TE-O-44425468,TE-Y-40009972
TE-V-06676395,TE-J-91539816
TE-T-46425565,TE-S-04375398
TE-A-73481051,TE-B-03687780
TE-V-40129685,TE-Z-13362108
TE-Z-71183983,TE-F-23401386
TE-X-10652234,TE-W-35375494
TE-B-74540283,TE-V-55955848
TE-M-92910720,TE-F-25788570
TE-J-91539816,TE-H-10602660
TE-O-87582785,TE-K-67747577
TE-F-92985207,TE-F-96353162
TE-P-24608251,TE-J-10175549
TE-W-42760237,TE-T-17858169
TE-S-88343097,TE-V-12565766
TE-I-66561525,TE-P-30985835
TE-T-65545982,TE-U-15257540
TE-G-01104942,TE-N-69110286
TE-Y-81550863,TE-U-62087820
TE-B-25611058,TE-I-33909223
TE-X-09569660,TE-H-09585204
TE-O-05430179,TE-J-78401810
TE-M-29659037,TE-T-92667874
TE-J-86035888,TE-F-53150738
TE-M-33605963,TE-O-55045732
TE-L-31174876,TE-X-89018814
TE-X-72619934,TE-B-57179511
TE-B-16716548,TE-V-46613728
TE-T-91781596,TE-I-05341123
TE-K-17169029,TE-Z-31893575
TE-X-34989163,TE-A-32090564
TE-G-74687448,TE-Y-81550863
TE-B-18084198,TE-K-09945207
TE-E-63170766,TE-D-50548496
TE-O-07727304,TE-L-63828219
TE-T-72387114,TE-F-17756944
TE-F-15878814,TE-D-51795790
TE-B-96234177,TE-H-15137404
TE-F-03279716,TE-M-03499599
TE-P-01767178,TE-O-95925270
TE-P-58272526,TE-L-35004262
TE-T-92667874,TE-G-55468234
TE-R-37091621,TE-W-41978132
TE-K-97477384,TE-R-38837048
TE-P-86327651,TE-N-10678120
TE-L-63828219,TE-O-70048253
TE-T-16025825,TE-H-88511762
TE-E-65243759,TE-T-85393400
TE-I-61390513,TE-S-63085962
TE-V-49534203,TE-L-75980922
TE-A-01123183,TE-E-55308147
TE-Q-33144815,TE-W-24221574
TE-W-91133962,TE-E-07583899
TE-S-01760648,TE-E-16827981
TE-P-09439040,TE-F-93324339
TE-V-73106651,TE-N-44754077
TE-T-17776545,TE-J-52642687
TE-S-44046030,TE-N-29548530
TE-D-83237043,TE-D-50032693
TE-S-27380986,TE-H-57643444
TE-K-28941909,TE-L-57800437
TE-J-04899513,TE-I-66561525
TE-T-21218984,TE-E-55378610
TE-L-11019917,TE-P-27408235
TE-H-72216251,TE-I-60785204
TE-B-05160105,TE-Y-69107319
TE-C-09714458,TE-P-43172025
TE-O-99316839,TE-T-07880786
TE-O-72259052,TE-O-21802461
TE-R-98515924,TE-R-71303778
TE-U-70108536,TE-I-87299375
TE-L-64721254,TE-G-55468234
TE-I-64942761,TE-D-51795790
TE-E-81496007,TE-N-15160083
TE-G-93616041,TE-A-36428242
TE-Y-65665621,TE-G-29625348
TE-M-90088710,TE-B-32304513
TE-O-30141480,TE-L-11485266
TE-T-37642037,TE-O-89849140
TE-M-96142281,TE-W-64345456
TE-V-80303709,TE-F-40060572
TE-I-30889379,TE-R-38413823
TE-K-50782378,TE-G-09792611
TE-U-37547560,TE-Y-90787285
TE-Y-27276022,TE-T-68419633
TE-O-36645525,TE-G-89296918
TE-Q-71351909,TE-Z-00031782
TE-J-62865841,TE-N-70765200
TE-S-38015373,TE-M-04368591
TE-I-24822197,TE-J-43448374
TE-S-59885737,TE-T-57268851
TE-J-99966455,TE-W-13710038
TE-N-93671655,TE-P-03627584
TE-X-73743864,TE-G-22731452
TE-W-95159041,TE-K-09945207
TE-W-91868717,TE-R-63235348
TE-D-58974889,TE-L-36617489
TE-A-65717746,TE-O-39767635
TE-Q-47225405,TE-J-22059086
TE-A-65077356,TE-J-10282444
TE-R-11419208,TE-C-10165226
TE-Z-55498702,TE-S-65968623
TE-S-55185981,TE-G-50730522
TE-T-31785561,TE-N-08557764
TE-Z-66526941,TE-N-75404235
TE-U-92747874,TE-M-16900877
TE-L-11369754,TE-B-98987458
TE-R-63235348,TE-E-83728677
TE-D-62701473,TE-G-68998262
TE-J-61811790,TE-I-61390513
TE-X-74694080,TE-E-52220366
TE-I-67807035,TE-W-68530723
TE-C-66086638,TE-O-04392312
TE-C-90595904,TE-Q-39121732
TE-B-02432340,TE-Z-76840984
TE-Z-15997492,TE-D-73819158
TE-Z-77255420,TE-I-20821968
TE-W-20117427,TE-B-32304513
TE-E-90571834,TE-K-77605927
TE-C-89791035,TE-J-75414793
TE-S-22249351,TE-E-75454027
TE-Z-79378323,TE-W-37408425
TE-R-05766825,TE-F-05884937
TE-Y-73228005,TE-B-02618103
TE-U-25598801,TE-R-63235348
TE-B-25774773,TE-N-74801460
TE-C-92019089,TE-N-95493440
TE-D-50617968,TE-P-15464961
TE-G-61215068,TE-C-03203960
TE-A-82500075,TE-Q-62389797
TE-I-98559648,TE-K-85558902
TE-H-59151609,TE-P-06130614
TE-U-63314271,TE-J-88197544
TE-I-65441709,TE-L-13759919
TE-U-38034338,TE-Q-49414805
TE-B-19740845,TE-X-25565795
TE-Z-98086896,TE-R-30982636
TE-B-57149395,TE-H-51145752
TE-E-36427960,TE-R-08650525
TE-R-34755324,TE-M-04368591
TE-O-44574122,TE-U-29917811
TE-R-03237055,TE-X-00528646
TE-R-84700316,TE-G-18878143
TE-E-22226171,TE-B-54423946
TE-Z-13362108,TE-L-65722061
TE-H-62116754,TE-L-76547857
TE-S-65968623,TE-P-94968536
TE-B-33794635,TE-I-60785204
TE-V-56898142,TE-Y-50414780
TE-G-59591593,TE-P-24608251
TE-F-22380610,TE-P-53729982
TE-W-24221574,TE-I-99511698
TE-E-07927260,TE-L-77933626
TE-Z-45049008,TE-N-05539295
TE-E-26320369,TE-U-39859796
TE-O-45869590,TE-Z-33350506
TE-W-37343901,TE-F-51382584
TE-C-64982781,TE-M-97637669
TE-U-66392102,TE-W-17010231
TE-X-69024283,TE-F-19137723
TE-M-80696314,TE-Z-95598099
TE-E-55378610,TE-Z-27180931
TE-Z-95694930,TE-R-27477511
TE-T-18449965,TE-F-30715809
TE-F-27896583,TE-Z-95774436
TE-V-35265972,TE-K-56425226
TE-A-48696385,TE-V-01821389
TE-J-78259624,TE-J-61811790
TE-Y-93332980,TE-K-95151642
TE-K-54831429,TE-T-80989491
TE-A-05668703,TE-B-83170550
TE-N-55774153,TE-R-20424181
TE-L-15869104,TE-W-21503772
TE-Y-74843501,TE-L-11369754
TE-J-21397925,TE-A-48975701
TE-K-61415804,TE-A-50879595
TE-N-89503048,TE-M-75834916
TE-Q-96069815,TE-W-44476768
TE-F-10584376,TE-W-44476768
TE-L-11485266,TE-R-14413720
TE-G-55062856,TE-X-45918432
TE-H-36263868,TE-E-91352979
TE-T-16729620,TE-M-68541315
TE-P-02945532,TE-K-37892364
TE-Y-50695923,TE-M-84153268
TE-Q-17881810,TE-I-87299375
TE-L-21585014,TE-L-66176765
TE-E-60201280,TE-U-22227803
TE-Y-15815162,TE-W-09678767
TE-T-93689566,TE-H-84153837
TE-V-22107718,TE-Q-80048559
TE-O-06394998,TE-T-88715255
TE-Z-00768716,TE-K-49881541
TE-V-72768140,TE-J-17234864
TE-K-60513262,TE-I-95759979
TE-F-75742393,TE-Z-95490585
TE-E-16827981,TE-Z-98907071
TE-U-27541332,TE-A-71878234
TE-R-92613949,TE-G-07944046
TE-W-82623548,TE-R-97344600
TE-R-32317926,TE-L-75980922
TE-G-45091662,TE-W-17010231
TE-Q-12046763,TE-M-63402770
TE-L-26329705,TE-T-07710569
TE-K-95151642,TE-Y-93927476
TE-Q-78162291,TE-U-07908911
TE-C-46164837,TE-E-83728677
TE-K-63288641,TE-N-44754077
TE-L-29042222,TE-T-10074113
TE-J-76382507,TE-Q-86192443
TE-A-50514062,TE-Q-61657932
TE-N-29033381,TE-V-88488359
TE-F-24436645,TE-C-82340939
TE-O-92150752,TE-X-67695820
TE-D-94764576,TE-S-13036824
TE-L-28541789,TE-A-01123183
TE-F-89060618,TE-J-99084985
TE-N-28334971,TE-T-10074113
TE-C-38084820,TE-I-67807035
TE-H-07077179,TE-N-50689718
TE-A-35724886,TE-S-57522761
TE-N-00457084,TE-W-42760237
TE-A-99035410,TE-E-07717701
TE-A-92547361,TE-S-43961730
TE-I-97934707,TE-H-46032163
TE-U-06968438,TE-A-67698830
TE-Q-46766758,TE-A-05568598
TE-E-67375468,TE-K-00663348
TE-W-19126695,TE-P-52141258
TE-X-89185985,TE-V-12565766
TE-B-31549237,TE-S-32828165
TE-H-88511762,TE-P-09439040
TE-C-74290047,TE-I-85375997
TE-L-64392099,TE-I-67807035
TE-L-64216798,TE-D-11764561
TE-M-36298052,TE-W-22347047
TE-D-55019289,TE-O-65323196
TE-D-79161318,TE-C-10487248
TE-V-11838671,TE-C-27191767
TE-L-75980922,TE-N-88109837
TE-O-20661847,TE-I-66561525
TE-N-20576807,TE-I-66379102
TE-Y-97759453,TE-N-11657406
TE-N-65047152,TE-R-46960277
TE-R-01704386,TE-J-74369833
TE-G-79908583,TE-L-13759919
TE-W-13710038,TE-M-69044887
TE-S-38037584,TE-Z-72205365
TE-R-76524013,TE-T-08127692
TE-J-45621771,TE-D-54963485
TE-A-23477839,TE-O-93185190
TE-X-58417696,TE-J-58987294
TE-Q-80048559,TE-U-92747874
TE-L-62024574,TE-D-26817851
TE-V-20186756,TE-G-18878143
TE-M-02512395,TE-L-64392099
TE-D-34803409,TE-C-24635261
TE-N-74801460,TE-Q-89183276
TE-X-45759978,TE-C-51823003
TE-V-40876078,TE-X-00539812
TE-W-20765983,TE-V-69621818
TE-F-32143675,TE-E-03646497
TE-B-34897978,TE-W-64345456
TE-B-19557412,TE-L-04220755
TE-B-02290202,TE-K-26175877
TE-K-99842497,TE-T-85393400
TE-N-10086826,TE-G-50064706
TE-T-87797069,TE-I-77319526
TE-W-26313641,TE-X-01506589
TE-C-63718578,TE-W-02793639
TE-U-29917811,TE-W-37408425
TE-U-54321409,TE-Z-74690310
TE-J-93160773,TE-O-44209481
TE-A-71894636,TE-G-16637918
TE-M-25273408,TE-Y-36500981
TE-D-83826050,TE-M-82324063
TE-P-25264426,TE-P-64901324
TE-T-90827862,TE-K-28939408
TE-W-37408425,TE-Z-95598099
TE-S-62645752,TE-S-60269669
TE-U-02965599,TE-E-04062007
TE-J-10175549,TE-O-72259052
TE-E-84318945,TE-V-58090608
TE-U-29284219,TE-G-45091662
TE-C-12196288,TE-Z-98907071
TE-Y-61607904,TE-U-35045002
TE-W-74450116,TE-S-69643595
TE-O-70899627,TE-M-18667544
TE-W-86973226,TE-W-11961198
TE-P-29472475,TE-D-39826787
TE-P-38475092,TE-W-92682704
TE-Q-04479592,TE-H-30401161
TE-H-84153837,TE-V-00276391
TE-Q-49365434,TE-J-09951316
TE-K-16195752,TE-S-44046030
TE-T-33730022,TE-V-30781827
TE-Z-37150711,TE-L-35345633
TE-T-19875736,TE-H-07038203
TE-Z-20317252,TE-D-28286923
TE-P-78937185,TE-T-20136504
TE-T-89979752,TE-H-41216408
TE-Z-50165214,TE-Z-17148663
TE-X-67695820,TE-J-57961656
TE-X-10587254,TE-E-61680391
TE-K-62326595,TE-K-00663348
TE-J-29526407,TE-F-04371398
TE-J-10282444,TE-P-23062542
TE-D-40420796,TE-K-60513262
TE-U-48867598,TE-G-82810540
TE-X-94029793,TE-K-06774222
TE-O-38013972,TE-K-16969932
TE-S-34307215,TE-I-50607324
TE-A-83441498,TE-I-09287183
TE-N-08557764,TE-R-11118003
TE-Z-60840862,TE-R-79045591
TE-T-55881590,TE-A-86687123
TE-A-78615402,TE-K-89050023
TE-Q-54107829,TE-E-52220366
TE-U-84234449,TE-P-99777704
TE-S-00849170,TE-E-25518738
TE-L-42732218,TE-F-89115279
TE-E-23393959,TE-W-37408425
TE-T-75611049,TE-K-94959251
TE-B-47796453,TE-U-40305972
TE-M-58893421,TE-T-36035202
TE-I-43198745,TE-X-89018814
TE-L-97766469,TE-K-47986763
TE-A-90947066,TE-A-62631813
TE-Z-17526162,TE-K-15992802
TE-Y-35134023,TE-U-52712859
TE-G-12318930,TE-T-91781596
TE-O-39767635,TE-V-68801468
TE-M-79052572,TE-Q-02284430
TE-G-57659626,TE-B-81540449
TE-T-64215521,TE-V-72768140
TE-W-43117521,TE-S-81331610
TE-H-04805666,TE-K-91564645
TE-J-59604780,TE-T-75892285
TE-J-21983767,TE-D-24925698
TE-C-29296767,TE-Y-40009972
TE-O-31277522,TE-S-04375398
TE-D-61471688,TE-T-18449965
TE-U-59036785,TE-Y-88644019
TE-E-52220366,TE-Q-71557196
TE-X-10687664,TE-U-10475286
TE-B-91153001,TE-S-38015373
TE-Z-89042023,TE-K-28941909
TE-T-71320663,TE-V-75028271
TE-T-36035202,TE-C-17026247
TE-J-18187306,TE-Z-66526941
TE-I-08644934,TE-G-55468234
TE-J-14262795,TE-G-32384949
TE-I-34890213,TE-P-03366345
TE-U-44596069,TE-X-90567024
TE-O-29858691,TE-R-27985896
TE-Y-53165195,TE-Y-27276022
TE-A-26289235,TE-O-60591419
TE-S-33407526,TE-T-87734259
TE-Y-57168354,TE-G-09792611
TE-V-82127940,TE-Y-61584844
TE-E-78974498,TE-U-52219682
TE-U-85874510,TE-M-95823004
TE-Z-96860480,TE-F-60711369
TE-B-57179511,TE-O-17655345
TE-P-62620510,TE-N-08679852
TE-N-97498003,TE-K-85175882
TE-K-01403792,TE-A-21933311
TE-M-40925043,TE-I-95759979
TE-C-90910931,TE-V-02748150
TE-E-10613030,TE-M-33605963
TE-G-61084267,TE-L-56329648
TE-T-68419633,TE-Q-60703340
TE-Y-40009972,TE-N-69110286
TE-B-83170550,TE-E-65243759
TE-N-11657406,TE-W-64193915
TE-T-20136504,TE-W-13710038
TE-O-88086712,TE-P-20230590
TE-Z-15148478,TE-F-15177133
TE-J-52642687,TE-J-28097290
TE-D-19207267,TE-N-97002460
TE-Z-81661518,TE-Y-47428282
TE-V-58090608,TE-J-76877315
TE-P-36833704,TE-R-92613949
TE-T-19280971,TE-K-00663348
TE-Y-70982411,TE-R-35962057
TE-E-08349760,TE-Z-85194355
TE-H-92804552,TE-K-85558902
TE-Z-70830394,TE-A-25523848
TE-E-04062007,TE-A-91221716
TE-O-17987091,TE-B-10722228
TE-T-80989491,TE-I-64021872
TE-D-50032693,TE-W-21573981
TE-A-88215698,TE-F-58780016
TE-O-88382717,TE-L-86886641
TE-H-85866069,TE-G-52566454
TE-R-25095803,TE-B-82253735
TE-R-97440975,TE-S-41694336
TE-S-13036824,TE-W-25014323
TE-J-65114977,TE-Q-59491844
TE-Y-16536074,TE-Z-83212186
TE-Y-94354457,TE-N-29033381
TE-N-65595704,TE-S-14859259
TE-W-02793639,TE-I-20751627
TE-S-17482358,TE-H-59151609
TE-W-06261051,TE-B-51385672
TE-Y-94358547,TE-P-29097629
TE-P-67548246,TE-I-91513800
TE-X-86579013,TE-S-74072461
TE-P-22481399,TE-U-54753676
TE-X-88005686,TE-P-36833704
TE-P-53729982,TE-E-00351174
TE-D-10043330,TE-A-99035410
TE-G-29625348,TE-F-79923179
TE-I-15003614,TE-M-03499599
TE-U-33245753,TE-K-63283818
TE-I-88402794,TE-C-29296767
TE-X-68800707,TE-U-37801761
TE-V-11854258,TE-F-97239897
TE-T-32446565,TE-X-58417696
TE-J-78401810,TE-Z-32416143
TE-P-80718184,TE-E-05675819
TE-J-85380628,TE-V-09724228
TE-T-57268851,TE-F-50928776
TE-E-76113315,TE-I-44698105
TE-Q-67216482,TE-K-55326813
TE-I-09655183,TE-O-64013972
TE-J-75414793,TE-T-22709538
TE-V-63774331,TE-K-57280537
TE-Y-53687350,TE-K-54831429
TE-W-43253496,TE-L-22447402
TE-H-30215161,TE-M-66887146
TE-D-85891342,TE-O-54205765
TE-R-45905591,TE-Y-36971580
TE-K-41597925,TE-J-58137028
TE-Z-98906648,TE-R-31502576
TE-L-68728676,TE-G-50064706
TE-M-73923566,TE-Y-82145917
TE-M-16900877,TE-O-57020805
TE-W-21503772,TE-R-52302787
TE-G-27870347,TE-E-55308147
TE-T-48746695,TE-S-22249351
TE-P-34594078,TE-L-68728676
TE-O-44989669,TE-F-93369443
TE-J-56086398,TE-T-59685062
TE-M-54691618,TE-I-08644934
TE-H-23493875,TE-O-38013972
TE-V-49377589,TE-G-79385640
TE-B-99135337,TE-P-98108999
TE-F-86325984,TE-R-52768826
TE-N-10763998,TE-D-67594072
TE-O-84688723,TE-N-10763998
TE-N-22380221,TE-R-37091621
TE-K-32568401,TE-W-14801312
TE-A-44697240,TE-R-34196450
TE-Y-81933687,TE-K-26175877
TE-A-63489826,TE-H-14132088
TE-F-65913644,TE-H-14132088
TE-N-68416558,TE-A-57494599
TE-H-10602660,TE-L-79096775
TE-W-09692534,TE-K-99124634
TE-R-14413720,TE-X-58417696
TE-A-49237422,TE-P-79380051
TE-U-64353721,TE-Y-53165195
TE-Y-47953032,TE-V-08336886
TE-X-62851857,TE-T-18449965
TE-V-06227421,TE-P-23062542
TE-K-16969932,TE-U-95474162
TE-A-38141159,TE-X-78635820
TE-F-11914418,TE-D-26910743
TE-U-35734231,TE-U-21092007
TE-I-06938794,TE-X-57954516
TE-N-69115962,TE-C-73167769
TE-B-96722029,TE-U-81308839
TE-O-57736063,TE-Y-93332980
TE-R-38837048,TE-D-51765321
TE-Z-02003334,TE-E-76113315
TE-I-22782484,TE-W-21573981
TE-D-67594468,TE-X-58552051
TE-Q-61657932,TE-C-68888633
TE-Y-91192581,TE-W-98072926
TE-B-37423323,TE-T-71320663
TE-J-79348687,TE-B-95106209
TE-C-10148632,TE-J-09951316
TE-R-76635868,TE-V-22186295
TE-R-24233885,TE-N-77588215
TE-F-17756944,TE-N-87318350
TE-S-11393265,TE-I-88402794
TE-I-66379102,TE-D-81723216
TE-Q-03837782,TE-P-31343777
TE-P-44374739,TE-L-44213228
TE-I-64021872,TE-Q-54107829
TE-C-64717638,TE-G-79714759
TE-A-98556965,TE-K-67391687
TE-M-75834916,TE-G-82810540
TE-V-96207923,TE-K-57118689
TE-Q-73093752,TE-C-53086761
TE-U-46932564,TE-J-09951316
TE-Y-49404549,TE-I-33909223
TE-U-27957822,TE-R-97289497
TE-K-94959251,TE-T-53428656
TE-T-53428656,TE-E-79442549
TE-P-29015744,TE-M-87300972
TE-O-57148020,TE-B-54943221
TE-N-42058626,TE-B-51385672
TE-R-27477511,TE-V-69621818
TE-K-38381239,TE-U-85874510
TE-L-75663265,TE-E-76113315
TE-G-33600107,TE-P-34594078
TE-B-97723396,TE-Z-31893575
TE-L-13759919,TE-K-12010560
TE-O-17655345,TE-O-26141758
TE-S-83210889,TE-O-55045732
TE-V-40714915,TE-W-92682704
TE-Y-26162926,TE-A-02591537
TE-P-18542711,TE-I-56548016
TE-D-26817851,TE-V-71146621
TE-N-97002460,TE-X-68800707
TE-Y-61584844,TE-Y-93927476
TE-Y-48982864,TE-I-66561525
TE-S-23438054,TE-L-40144895
TE-O-64013972,TE-X-68800707
TE-D-68769108,TE-M-48280904
TE-O-38971541,TE-U-00224665
TE-H-07038203,TE-G-87928997
TE-W-17010231,TE-O-91629750
TE-N-58982294,TE-O-56740913
TE-K-89050023,TE-K-49474098
TE-C-91822750,TE-M-45783583
TE-L-35004262,TE-G-14905840
TE-X-55135950,TE-F-81000399
TE-W-14801312,TE-J-00088594
TE-W-50567131,TE-Q-02284430
TE-G-87928997,TE-D-30518867
TE-U-21092007,TE-V-47280306
TE-W-13222856,TE-V-11838671
TE-H-15697260,TE-W-95159041
TE-T-59685062,TE-L-29042222
TE-G-67499878,TE-R-77748549
TE-V-17658595,TE-C-64982781
TE-L-38932547,TE-T-98646549
TE-M-00527607,TE-Y-93691188
TE-P-36334031,TE-M-13575225
TE-Z-61208867,TE-B-22500531
TE-Y-88644019,TE-X-00528646
TE-F-05884937,TE-J-28468246
TE-I-93396789,TE-J-75414793
TE-R-00422761,TE-B-76816085
TE-C-91980232,TE-I-13475159
TE-P-54176112,TE-J-53419381
TE-S-48082254,TE-G-79908583
TE-U-92285038,TE-R-68036889
TE-J-93452712,TE-M-49575168
TE-Q-41157800,TE-F-89774222
TE-T-70086798,TE-Q-13814820
TE-W-67954388,TE-B-72410985
TE-U-38582584,TE-H-61174034
TE-O-26141758,TE-Q-58522409
TE-D-57052533,TE-T-56867117
TE-M-34219324,TE-W-11978456
TE-H-44590765,TE-A-65717746
TE-L-08289298,TE-O-99182085
TE-D-36538267,TE-S-33407526
TE-E-66340690,TE-R-36958275
TE-L-71990028,TE-Z-76992108
TE-V-02748150,TE-P-17155228
TE-H-19597646,TE-B-07060140
TE-K-12537971,TE-M-16900877
TE-P-71832220,TE-M-76679219
TE-L-99547153,TE-V-00276391
TE-H-96730402,TE-Q-02284430
TE-A-71753719,TE-W-18635305
TE-H-15269131,TE-U-29917811
TE-N-58887378,TE-H-47280073
TE-N-27568307,TE-M-51105592
TE-H-81554541,TE-K-28939408
TE-H-63960113,TE-H-75229451
TE-X-14068746,TE-T-64215521
TE-D-97872986,TE-J-62086970
TE-Q-34898710,TE-U-79092164
TE-X-90567024,TE-R-14340373
TE-I-77319526,TE-R-05766825
TE-F-48796106,TE-P-41954413
TE-J-92494299,TE-N-60945948
TE-J-06568674,TE-J-99084985
TE-P-16070497,TE-N-29548530
TE-A-53888217,TE-Q-02284430
TE-Z-61292609,TE-L-45313720
TE-X-58872559,TE-O-78195167
TE-V-55369812,TE-B-96234177
TE-S-32271194,TE-M-68541315
TE-E-40896659,TE-H-25361111
TE-J-43935023,TE-W-24221574
TE-F-83151282,TE-E-52220366
TE-V-20773517,TE-E-93329271
TE-F-53150738,TE-L-44213228
TE-A-21933311,TE-W-70212568
TE-W-61979284,TE-L-63163496
TE-K-17538256,TE-W-65106728
TE-S-14859259,TE-S-72224212
TE-S-41013200,TE-U-37801761
TE-S-44923222,TE-U-46932564
TE-T-02207049,TE-V-91738393
TE-Y-95428076,TE-X-06908112
TE-L-65552484,TE-W-13710038
TE-V-76885079,TE-D-19269463
TE-Z-85140561,TE-J-85380628
TE-Y-12633548,TE-K-80114363
TE-P-29720768,TE-M-66887146
TE-B-20402487,TE-H-44590765
TE-Y-72319682,TE-N-75404235
TE-P-67042823,TE-M-67315840
TE-F-12124795,TE-S-47229589
TE-U-76618308,TE-N-95211854
TE-M-31505071,TE-I-42898042
TE-J-00610569,TE-G-16637918
TE-B-03687780,TE-N-32354132
TE-O-45132834,TE-A-86687123
TE-C-97972326,TE-Z-31945143
TE-S-89436538,TE-V-93285226
TE-P-44598030,TE-A-01123183
TE-M-66887146,TE-A-53088438
TE-B-54943221,TE-X-10652234
TE-H-45646792,TE-T-69031756
TE-S-04828045,TE-Y-05051297
TE-D-19517796,TE-B-87008634
TE-Q-98275760,TE-O-25552796
TE-Z-24160338,TE-I-41468978
TE-Z-38417265,TE-A-18275488
TE-K-37892364,TE-N-97176716
TE-Z-98515510,TE-G-94664757
TE-M-51105592,TE-S-38015373
TE-H-80365818,TE-B-32203829
TE-V-82189616,TE-O-93668753
TE-N-54570403,TE-R-20179591
TE-U-16873261,TE-S-83210889
TE-I-11539421,TE-S-28221635
TE-U-62087820,TE-Z-71183983
TE-O-49375419,TE-Y-50414780
TE-Q-63508633,TE-O-77704444
TE-O-93668753,TE-B-99135337
TE-V-42126749,TE-O-65323196
TE-I-70751153,TE-S-48082254
TE-D-14960168,TE-Q-08450966
TE-H-92183791,TE-A-62631813
TE-R-61996663,TE-T-16729620
TE-A-00085815,TE-P-55243762
TE-Z-12968809,TE-P-41954413
TE-H-80107399,TE-X-01506589
TE-Z-95729420,TE-C-97540148
TE-F-97239897,TE-Y-49160936
TE-L-24399670,TE-Z-99191472
TE-G-08600981,TE-O-84688723
TE-Q-85009490,TE-T-08159714
TE-M-06529312,TE-F-94463884
TE-K-25759524,TE-J-75414793
TE-D-14801549,TE-P-20640711
TE-M-75586840,TE-N-93648874
TE-C-75448121,TE-V-32264115
TE-U-60355086,TE-O-45869590
TE-R-46960277,TE-V-01956757
TE-W-86301966,TE-P-31343777
TE-D-68420279,TE-K-17538256
TE-V-10072419,TE-U-07908911
TE-F-89164448,TE-L-44832356
TE-Y-07548716,TE-O-87582785
TE-K-77605927,TE-J-92494299
TE-S-80335474,TE-J-21983767
TE-J-48871221,TE-R-93113405
TE-V-52627614,TE-S-01635229
TE-J-22909772,TE-U-30218633
TE-U-93117864,TE-E-14487478
TE-N-87992618,TE-B-33794635
TE-Z-31326286,TE-I-50607324
TE-C-06482075,TE-T-65545982
TE-U-83012176,TE-J-43550165
TE-T-35391409,TE-H-62535495
TE-P-72805345,TE-P-29015744
TE-Q-09485746,TE-A-21933311
TE-C-51823003,TE-G-94664757
TE-M-04368591,TE-X-58417696
TE-G-22731452,TE-F-39589541
TE-N-31388214,TE-D-06838208
TE-H-17610188,TE-L-89383548
TE-V-49847800,TE-R-52302787
TE-K-68244585,TE-V-45956243
TE-N-95211854,TE-O-93185190
TE-V-68801468,TE-M-98091754
TE-I-49519165,TE-W-32949323
TE-Y-80795433,TE-W-51293440
TE-R-66037971,TE-G-80148546
TE-X-00539812,TE-Q-86520603
TE-N-08679852,TE-T-32446565
TE-G-94664757,TE-M-49575168
TE-K-86519346,TE-Z-72205365
TE-N-15930965,TE-Q-16137869
TE-R-58765743,TE-X-31343158
TE-F-89115279,TE-B-19781034
TE-E-11454735,TE-Z-36119146
TE-O-95925270,TE-I-86560298
TE-F-40060572,TE-L-68728676
TE-W-18784266,TE-Y-49404549
TE-O-34213884,TE-I-93396789
TE-U-82827337,TE-U-48867598
TE-N-04063911,TE-X-71751298
TE-W-65106728,TE-N-31388214
TE-E-17798248,TE-E-51205343
TE-P-60070573,TE-T-59685062
TE-I-05796225,TE-V-96210321
TE-Q-19173150,TE-Z-50165214
TE-T-48570621,TE-B-03687780
TE-R-27985896,TE-F-23401386
TE-L-44213228,TE-M-52658655
TE-J-17234864,TE-L-86886641
TE-Y-91392766,TE-Q-34898710
TE-P-91241900,TE-W-35375494
TE-F-50012188,TE-T-62785188
TE-I-56548016,TE-G-50730522
TE-N-70765200,TE-K-60513262
TE-Y-81203340,TE-M-51105592
TE-Y-56319372,TE-O-38013972
TE-E-76999627,TE-N-52656945
TE-I-80314669,TE-K-68520130
TE-X-22370642,TE-J-43550165
TE-U-34213892,TE-R-94046337
TE-V-09724228,TE-W-45604260
TE-W-25134284,TE-T-11576414
TE-O-73317816,TE-P-34064076
TE-S-01474448,TE-T-23233090
TE-T-77353585,TE-W-91133962
TE-J-28658146,TE-M-80696314
TE-X-57954516,TE-V-38407137
TE-G-98072831,TE-V-19162811
TE-G-82810540,TE-S-52990315
TE-O-78607102,TE-B-05160105
TE-N-82757934,TE-M-97637669
TE-B-99569245,TE-C-03203960
TE-M-04036858,TE-D-83826050
TE-I-71815506,TE-U-93117864
TE-Z-95774436,TE-R-20424181
TE-B-28729988,TE-Y-43688261
TE-E-96869129,TE-S-01865208
TE-P-30985835,TE-S-10445574
TE-G-35538789,TE-I-87299375
TE-W-41978132,TE-Y-78668590
TE-X-01506589,TE-N-90949212
TE-I-65591953,TE-G-50730522
TE-M-84153268,TE-S-42015137
TE-S-10445574,TE-R-08650525
TE-I-42898042,TE-X-58835117
TE-D-06838208,TE-R-46960277
TE-H-10264769,TE-O-31228981
TE-M-11079997,TE-Y-19566521
TE-L-10228939,TE-L-99547153
TE-U-42002979,TE-H-03708600
TE-U-33000433,TE-I-93396789
TE-P-55631437,TE-E-67895948
TE-U-34654177,TE-R-94046337
TE-M-95151790,TE-M-15581860
TE-S-71800985,TE-B-91153001
TE-V-73078313,TE-Z-85140561
TE-Z-31893575,TE-A-06721421
TE-B-11076550,TE-Z-31945143
TE-T-36928592,TE-V-49847800
TE-R-78665347,TE-G-22731452
TE-G-93870844,TE-D-51905659
TE-I-64104116,TE-Z-83212186
TE-Y-43688261,TE-B-19557412
TE-P-34811256,TE-O-97587967
TE-I-13475159,TE-J-59604780
TE-L-17158338,TE-M-17025612
TE-N-16777830,TE-O-36556194
TE-N-75289858,TE-R-97289497
TE-H-72659523,TE-C-17026247
TE-Q-02284430,TE-Z-54086937
TE-V-68263585,TE-D-20978938
TE-F-27549138,TE-D-26167484
TE-E-93329271,TE-Q-98337373
TE-A-77963611,TE-H-47280073
TE-F-80909441,TE-T-00949725
TE-N-68790770,TE-O-52397882
TE-S-81331610,TE-H-32893385
TE-W-38648957,TE-C-11392752
TE-K-21104506,TE-C-97540148
TE-W-32949323,TE-M-94175674
TE-E-79442549,TE-Y-21923832
TE-W-51293440,TE-E-26982072
TE-K-49881541,TE-I-75892387
TE-Q-37155319,TE-R-30494981
TE-G-74237405,TE-F-50012188
TE-V-60703064,TE-O-48712522
TE-U-08274725,TE-E-30659712
TE-O-72910157,TE-V-22186295
TE-G-82092622,TE-K-63283818
TE-L-99328308,TE-E-10613030
TE-W-87188567,TE-A-65077356
TE-R-35962057,TE-T-22072514
TE-M-35263815,TE-J-62865841
TE-W-98072926,TE-A-99620571
TE-N-98480533,TE-F-41938455
TE-L-65722061,TE-Y-63802338
TE-M-02468199,TE-B-96234177
TE-C-75628706,TE-W-76437033
TE-Y-90787285,TE-W-26313641
TE-V-66437295,TE-K-50652281
TE-W-92682704,TE-T-77224584
TE-C-02999590,TE-S-15337522
TE-E-48756121,TE-N-89503048
TE-L-89383548,TE-Y-61816172
TE-I-86528165,TE-L-68728676
TE-E-66581450,TE-K-63283818
TE-P-55320699,TE-E-28226532
TE-A-68311297,TE-G-20812422
TE-E-52922225,TE-V-54937653
TE-S-60257926,TE-S-38015373
TE-U-90906033,TE-Y-52410934
TE-U-90488401,TE-Q-55191943
TE-A-53267562,TE-J-79348687
TE-W-11961198,TE-D-11133399
TE-B-32203829,TE-B-32203829
TE-Z-17148663,TE-R-63235348
TE-F-01533810,TE-D-70365367
TE-F-19137723,TE-N-37385613
TE-N-04546783,TE-B-31994975
TE-G-14831989,TE-K-81078117
TE-X-58835117,TE-B-28715030
TE-E-70586274,TE-B-97723396
TE-I-61050755,TE-C-38774427
TE-T-10807517,TE-K-49592335
TE-S-68345034,TE-Y-94358547
TE-T-62785188,TE-U-66133440
TE-M-51640233,TE-Y-27276022
TE-K-40033881,TE-H-93679877
TE-O-43228988,TE-K-57280537
TE-I-64201096,TE-M-13916924
TE-S-06867185,TE-M-16900877
TE-L-96347640,TE-V-34197363
TE-E-67895948,TE-G-11212840
TE-J-28097290,TE-F-74727271
TE-J-81504919,TE-F-63739506
TE-L-98862226,TE-J-43550165
TE-W-78037996,TE-Y-49160936
TE-N-03087027,TE-N-75404235
TE-I-99511698,TE-I-11539421
TE-K-49474098,TE-Y-35112635
TE-C-27191767,TE-V-76885079
TE-D-11133399,TE-O-05464628
TE-S-57522761,TE-D-73819158
TE-T-07710569,TE-V-40129685
TE-D-81723216,TE-G-33600107
TE-P-61732959,TE-R-03237055
TE-G-94258469,TE-H-53832531
TE-I-87506101,TE-E-04062007
TE-B-51901943,TE-E-76999627
TE-K-90332362,TE-W-43618040
TE-W-44259720,TE-X-22370642
TE-F-54762024,TE-Q-13038138
TE-X-54930147,TE-K-98892767
TE-D-10137492,TE-M-61785508
TE-Q-13032005,TE-N-39223826
TE-O-11768172,TE-R-12382414
TE-R-62719453,TE-V-41069293
TE-Y-61816172,TE-M-16162620
TE-V-03829401,TE-L-65722061
TE-A-67698830,TE-B-34897978
TE-S-48183967,TE-G-09960728
TE-B-02618103,TE-V-81832890
TE-D-26910743,TE-W-18635305
TE-I-75892387,TE-D-70365367
TE-R-16382984,TE-U-77379444
TE-F-05922881,TE-K-54831429
TE-R-06909008,TE-E-16827981
TE-Q-60703340,TE-P-20230590
TE-C-53086761,TE-M-52658655
TE-G-22584494,TE-V-91738393
TE-P-11360432,TE-V-75028271
TE-S-36281506,TE-H-45646792
TE-U-09241769,TE-K-29791838
TE-S-89686509,TE-B-39932080
TE-P-06130614,TE-X-79326396
TE-J-43448374,TE-L-45313720
TE-K-80114363,TE-L-05377600
TE-S-71969731,TE-X-53556641
TE-W-25014323,TE-B-57179511
TE-U-54753676,TE-H-17610188
TE-K-73037128,TE-A-05668703
TE-K-16643390,TE-E-26982072
TE-V-19162811,TE-B-39932080
TE-O-36478106,TE-N-87318350
TE-P-65414305,TE-E-27614206
TE-J-28468246,TE-J-85380628
TE-C-14368185,TE-F-63799831
TE-V-49519068,TE-Y-61607904
TE-X-03859778,TE-H-80729966
TE-I-40721503,TE-A-66046238
TE-W-67527973,TE-D-67594072
TE-H-64015709,TE-C-53086761
TE-N-84697396,TE-W-90067280
TE-U-85873353,TE-E-80180972
TE-I-87375068,TE-I-71472335
TE-M-47455815,TE-J-78259624
TE-C-82638212,TE-Y-22229797
TE-X-10620881,TE-Q-85009490
TE-R-34196450,TE-P-03627584
TE-O-15056952,TE-W-06261051
TE-K-08773334,TE-C-03203960
TE-C-01214662,TE-R-44638514
TE-O-31228981,TE-W-91868717
TE-T-09265731,TE-P-67042823
TE-J-16095323,TE-N-15930965
TE-H-34418168,TE-X-34989163
TE-O-78195167,TE-B-14421463
TE-X-71344370,TE-M-97152089
TE-V-08777246,TE-A-18302524
TE-W-16091942,TE-T-47658831
TE-R-11118003,TE-E-78974498
TE-Z-15834123,TE-J-45312768
TE-O-99182085,TE-G-21712850
TE-C-02043427,TE-N-07541892
TE-F-63739506,TE-S-01726479
