1,406,TE-I-87299375
2,1469,TE-V-56495117
3,810,TE-B-31994975
4,276,TE-D-67959511
5,897,TE-N-65337408
6,1757,TE-S-98330448
7,866,TE-F-30715809
8,566,TE-P-03366345
9,435,TE-X-56395735
10,730,TE-P-20230590
11,1456,TE-V-19469891
12,1612,TE-I-95759979
13,1798,TE-E-07368346
14,1710,TE-M-83616529
15,1765,TE-W-45604260
16,1790,TE-B-76545315
17,1445,TE-I-09287183
18,1473,TE-V-47280306
19,248,TE-E-09326636
20,1141,TE-K-33038123
21,72,TE-R-05737468
22,103,TE-Y-56889758
23,645,TE-M-25164952
24,1198,TE-W-36218262
25,1744,TE-J-00088594
26,434,TE-D-98620050
27,1411,TE-H-86180997
28,826,TE-S-32828165
29,743,TE-U-11374355
30,283,TE-Y-61457152
31,1735,TE-R-57344786
32,991,TE-Q-76967313
33,822,TE-M-40110870
34,842,TE-G-13941474
35,1046,TE-M-13575225
36,91,TE-L-22447402
37,542,TE-O-93185190
38,295,TE-U-33278221
39,502,TE-U-04383966
40,672,TE-M-48280904
41,134,TE-A-71824991
42,1703,TE-I-05341123
43,1426,TE-G-47749061
44,1572,TE-W-71015326
45,196,TE-D-26167484
46,527,TE-M-51682546
47,1423,TE-I-92941813
48,1090,TE-V-51264890
49,1175,TE-O-62812813
50,305,TE-V-30781827
51,1083,TE-W-85255678
52,761,TE-C-47713186
53,88,TE-Q-58522409
54,41,TE-U-70116838
55,768,TE-U-78543534
56,355,TE-I-03201964
57,997,TE-T-89337187
58,521,TE-N-50689718
59,1553,TE-V-54937653
60,21,TE-U-85728617
61,1501,TE-Q-89183276
62,1622,TE-I-80314491
63,189,TE-N-32354132
64,1274,TE-Q-71557196
65,1311,TE-O-25552796
66,501,TE-C-91221426
67,258,TE-P-98703852
68,1016,TE-A-31476255
69,436,TE-L-77933626
70,875,TE-V-71910852
71,233,TE-S-69643595
72,437,TE-P-00730977
73,959,TE-Y-03465914
74,854,TE-V-81832890
75,1313,TE-P-81227657
76,830,TE-N-26292306
77,1677,TE-S-01726479
78,1448,TE-W-62450357
79,401,TE-F-74727271
80,661,TE-H-72919148
81,139,TE-C-74717825
82,1717,TE-H-94632234
83,1293,TE-A-66046238
84,874,TE-K-12010560
85,1058,TE-P-36934780
86,1046,TE-Y-74182050
87,4,TE-D-96105458
88,926,TE-A-89213627
89,1072,TE-Y-25124063
90,994,TE-K-91564645
91,484,TE-R-96109553
92,1186,TE-V-71146621
93,52,TE-Y-39352327
94,572,TE-F-27592974
95,378,TE-B-07060140
96,1419,TE-H-75229451
97,1597,TE-X-17018696
98,1021,TE-Y-36971580
99,1150,TE-E-19345994
100,620,TE-C-19480407
101,199,TE-T-36358999
102,1397,TE-T-69031756
103,1154,TE-M-82324063
104,1559,TE-E-00351174
105,1229,TE-W-72768051
106,744,TE-Q-50625820
107,682,TE-E-02452721
108,24,TE-G-08669788
109,295,TE-Z-74712164
110,1481,TE-G-28900321
111,1441,TE-T-07880786
112,465,TE-V-22186295
113,1668,TE-G-00314648
114,1146,TE-W-06225015
115,1029,TE-B-46754588
116,1113,TE-U-55208583
117,831,TE-G-09792611
118,471,TE-X-79158234
119,1784,TE-X-68724943
120,1174,TE-P-41954413
121,182,TE-B-13895541
122,733,TE-D-93326731
123,216,TE-V-65373522
124,1791,TE-F-92893392
125,1589,TE-T-14781414
126,830,TE-Y-19088414
127,570,TE-K-61820055
128,635,TE-M-52658655
129,1385,TE-A-61986647
130,64,TE-M-73121557
131,1090,TE-W-12894572
132,1121,TE-L-31995231
133,1468,TE-U-95474162
134,281,TE-H-53832531
135,1337,TE-G-80177759
136,1449,TE-M-25904184
137,115,TE-B-82253735
138,1071,TE-S-42015137
139,1152,TE-F-36709119
140,375,TE-S-74072461
141,1675,TE-C-10487248
142,833,TE-L-48049924
143,1140,TE-A-83424309
144,335,TE-Q-61551594
145,1048,TE-Z-85194355
146,1154,TE-B-22500531
147,1015,TE-C-11392752
148,945,TE-P-67839894
149,359,TE-E-90474795
150,771,TE-Y-79509651
151,1234,TE-W-35375494
152,444,TE-K-47441798
153,1143,TE-L-79096775
154,157,TE-M-17025612
155,833,TE-O-29190719
156,203,TE-C-28389457
157,1706,TE-H-47280073
158,1718,TE-E-27614206
159,629,TE-L-56248087
160,36,TE-P-31343777
161,287,TE-Y-93927476
162,1535,TE-X-09065194
163,46,TE-H-20612361
164,699,TE-E-03646497
165,1339,TE-L-63163496
166,253,TE-K-97347675
167,411,TE-U-18507174
168,1681,TE-L-66176765
169,796,TE-L-68468460
170,1700,TE-Z-46217511
171,598,TE-U-37329304
172,356,TE-Q-76580942
173,1654,TE-O-44209481
174,378,TE-Y-58396518
175,433,TE-U-62479319
176,1380,TE-S-04190534
177,846,TE-Q-64837652
178,287,TE-J-09951316
179,19,TE-M-84977581
180,1494,TE-Q-13814820
181,1315,TE-R-27617735
182,1650,TE-J-28602297
183,388,TE-X-39748499
184,808,TE-G-67970608
185,1711,TE-V-85809856
186,700,TE-T-28806460
187,437,TE-N-69110286
188,1796,TE-H-41154966
189,1718,TE-X-31343158
190,1211,TE-U-21126624
191,1732,TE-Z-83212186
192,1763,TE-D-70365367
193,1310,TE-U-40305972
194,1793,TE-K-09952785
195,410,TE-E-62154701
196,1450,TE-I-76255704
197,749,TE-G-41988881
198,30,TE-H-41216408
199,972,TE-N-39223826
200,1668,TE-K-67747577
201,198,TE-K-19330856
202,139,TE-N-16301302
203,516,TE-B-41199521
204,1438,TE-I-01249754
205,1434,TE-I-82981676
206,1183,TE-L-05377600
207,1753,TE-M-47333173
208,1067,TE-Q-72204225
209,1174,TE-E-09254163
210,1062,TE-R-26771255
211,599,TE-M-63402770
212,132,TE-X-49640197
213,371,TE-W-21573981
214,1719,TE-P-52141258
215,190,TE-K-54047391
216,409,TE-V-34197363
217,47,TE-X-25565795
218,477,TE-V-29666124
219,1133,TE-J-03675824
220,1089,TE-J-95396491
221,1634,TE-A-48975701
222,476,TE-O-21802461
223,1411,TE-Z-57600504
224,1094,TE-R-68036889
225,1011,TE-F-56951029
226,112,TE-J-22059086
227,1113,TE-A-17504894
228,1278,TE-E-14487478
229,1599,TE-V-02732941
230,1349,TE-C-08301279
231,1004,TE-Q-48060096
232,1058,TE-O-36556194
233,1587,TE-I-66781979
234,1330,TE-I-20821968
235,929,TE-S-92620425
236,652,TE-F-28684306
237,805,TE-K-57118689
238,1500,TE-R-20179591
239,956,TE-Q-15100900
240,828,TE-K-70878382
241,458,TE-H-85333026
242,954,TE-A-62631813
243,237,TE-J-66032249
244,1543,TE-K-63283818
245,1494,TE-X-34070045
246,298,TE-C-94876143
247,454,TE-L-79136069
248,467,TE-T-22339578
249,878,TE-Y-54213270
250,231,TE-R-45181893
251,287,TE-D-39826787
252,1601,TE-R-58509784
253,712,TE-P-64901324
254,1465,TE-T-17858169
255,1770,TE-V-62024809
256,891,TE-F-41938455
257,94,TE-O-89849140
258,813,TE-L-30915245
259,1099,TE-D-46051993
260,1006,TE-A-18275488
261,855,TE-R-77748549
262,61,TE-W-68082134
263,1048,TE-F-21907279
264,1686,TE-M-49575168
265,1133,TE-F-79923179
266,1042,TE-C-07713602
267,209,TE-V-57034674
268,794,TE-M-56749248
269,1032,TE-U-07908911
270,1029,TE-Z-98907071
271,583,TE-G-76586575
272,951,TE-F-23401386
273,741,TE-Q-86192443
274,1423,TE-P-55243762
275,883,TE-B-16747818
276,999,TE-C-97441886
277,839,TE-I-41468978
278,1052,TE-N-52656945
279,104,TE-D-13287322
280,578,TE-A-95964975
281,1788,TE-M-37442993
282,1628,TE-Y-21923832
283,1390,TE-K-38354022
284,1781,TE-U-06210876
285,1187,TE-I-69884825
286,616,TE-L-05018808
287,615,TE-N-05956550
288,84,TE-U-31806187
289,36,TE-R-97289497
290,602,TE-E-91352979
291,1357,TE-U-81308839
292,870,TE-L-05810201
293,219,TE-V-58428329
294,1789,TE-H-46032163
295,1621,TE-H-61174034
296,1082,TE-L-98367788
297,21,TE-N-77588215
298,1338,TE-G-14905840
299,824,TE-T-49347767
300,28,TE-W-75028930
301,1704,TE-O-37152176
302,640,TE-X-45958280
303,1692,TE-J-83313795
304,1748,TE-Z-72205365
305,277,TE-T-19263352
306,549,TE-N-28063002
307,654,TE-L-86886641
308,1625,TE-G-83724629
309,889,TE-K-77577737
310,550,TE-D-30518867
311,1630,TE-Y-15795714
312,1058,TE-G-87879853
313,1042,TE-Y-42316313
314,108,TE-J-08423027
315,78,TE-P-78011882
316,162,TE-I-33481530
317,638,TE-W-38874731
318,820,TE-T-28536871
319,1128,TE-L-93218107
320,263,TE-S-67333335
321,1772,TE-E-39074595
322,1005,TE-K-28939408
323,1203,TE-H-21396136
324,1142,TE-A-18302524
325,1324,TE-M-73590852
326,456,TE-Z-11457144
327,1319,TE-N-75510570
328,1028,TE-Q-75125602
329,1343,TE-D-28286923
330,1436,TE-H-93558562
331,1436,TE-V-77238194
332,1784,TE-Y-97982464
333,1025,TE-D-15025097
334,1778,TE-Z-80090450
335,1207,TE-F-96353162
336,1562,TE-I-61056710
337,1114,TE-L-83509029
338,749,TE-Y-51625431
339,566,TE-R-07081960
340,1550,TE-E-47308004
341,1030,TE-B-95106209
342,591,TE-Z-09209478
343,1052,TE-A-90967410
344,874,TE-Z-32416143
345,1110,TE-Y-19554313
346,853,TE-J-86218041
347,556,TE-F-66697130
348,1017,TE-A-21871789
349,1653,TE-H-80729966
350,491,TE-H-79621773
351,605,TE-M-45925171
352,174,TE-E-82616275
353,1531,TE-P-15002717
354,1294,TE-J-20283606
355,808,TE-H-27492923
356,1145,TE-M-09326601
357,356,TE-M-99428591
358,83,TE-I-13996090
359,156,TE-D-92797086
360,1283,TE-T-23233090
361,1404,TE-A-20636685
362,41,TE-B-32304513
363,659,TE-M-81192246
364,18,TE-K-69942440
365,74,TE-B-52563779
366,1319,TE-X-02941968
367,567,TE-P-63077304
368,42,TE-V-88488359
369,921,TE-Z-99191472
370,40,TE-K-63772736
371,1498,TE-I-37497777
372,800,TE-N-48324625
373,55,TE-N-90949212
374,1459,TE-V-33209326
375,941,TE-T-06560106
376,1402,TE-N-24011807
377,1650,TE-N-98102470
378,1686,TE-F-89170008
379,1613,TE-M-67315840
380,1664,TE-P-70988665
381,683,TE-J-69127662
382,1580,TE-E-19262965
383,378,TE-B-95804288
384,336,TE-J-43035770
385,1216,TE-A-29976873
386,1714,TE-D-73819158
387,1114,TE-Y-10334191
388,1180,TE-C-58111577
389,434,TE-E-00456269
390,309,TE-A-05590070
391,1141,TE-R-20424181
392,827,TE-J-58137028
393,259,TE-K-00663348
394,17,TE-C-81068706
395,1306,TE-U-90763524
396,1794,TE-E-29914050
397,1682,TE-E-30659712
398,238,TE-W-64345456
399,1756,TE-Q-46017501
400,915,TE-D-00589426
401,59,TE-D-01204645
402,143,TE-Z-64599866
403,1051,TE-R-52768826
404,1653,TE-B-95569661
405,180,TE-H-15137404
406,409,TE-T-50002206
407,1657,TE-B-13853014
408,1715,TE-K-29791838
409,1650,TE-R-87137007
410,966,TE-D-89091417
411,1624,TE-Y-47878040
412,1466,TE-T-08159714
413,656,TE-M-21330892
414,1793,TE-H-98740316
415,663,TE-K-91209646
416,1681,TE-Q-08450966
417,3,TE-T-22072514
418,237,TE-E-94650456
419,228,TE-I-68208933
420,1179,TE-J-77415852
421,954,TE-A-05568598
422,494,TE-K-98892767
423,1645,TE-K-15881157
424,1354,TE-X-71751298
425,1497,TE-N-07541892
426,169,TE-C-17026247
427,105,TE-J-15501199
428,1706,TE-Q-16174871
429,443,TE-V-55955848
430,1370,TE-B-45172796
431,868,TE-D-51765321
432,1699,TE-Y-36500981
433,596,TE-M-45783583
434,243,TE-Q-62389797
435,1677,TE-M-98091754
436,45,TE-O-60591419
437,586,TE-G-21712850
438,527,TE-I-86560298
439,380,TE-S-44250267
440,1278,TE-I-58392846
441,39,TE-E-07493148
442,857,TE-K-26104063
443,1099,TE-O-57020805
444,306,TE-P-92858400
445,404,TE-H-09585204
446,399,TE-E-25518738
447,1798,TE-Q-20796376
448,1322,TE-S-63085962
449,847,TE-G-89296918
450,358,TE-Y-28739198
451,1598,TE-E-83602448
452,1649,TE-H-51145752
453,1198,TE-P-93376805
454,607,TE-Y-26203078
455,263,TE-F-81907135
456,1349,TE-S-37985734
457,577,TE-H-30401161
458,475,TE-T-42177297
459,1789,TE-G-29082411
460,741,TE-N-55417157
461,310,TE-S-53711988
462,194,TE-C-30382060
463,1229,TE-W-80474559
464,1600,TE-V-69621818
465,251,TE-Q-34808625
466,1024,TE-T-65181779
467,1082,TE-G-29630192
468,1417,TE-O-48584348
469,1180,TE-K-72459839
470,854,TE-E-51205343
471,1738,TE-M-91440917
472,935,TE-J-72470478
473,282,TE-F-95883651
474,530,TE-L-76241283
475,1500,TE-R-97344600
476,1366,TE-M-16162620
477,867,TE-L-28496576
478,21,TE-G-61033465
479,1631,TE-N-85603976
480,1554,TE-W-27414811
481,626,TE-O-08136757
482,457,TE-N-15160083
483,605,TE-V-00276391
484,1517,TE-O-48712522
485,1431,TE-A-64271805
486,742,TE-Q-98337373
487,982,TE-Q-71998964
488,512,TE-Z-33350506
489,1698,TE-B-87008634
490,662,TE-D-24247328
491,1691,TE-S-18180545
492,192,TE-W-09678767
493,1011,TE-U-37801761
494,127,TE-Q-13038138
495,35,TE-P-27408235
496,145,TE-W-54376977
497,474,TE-E-29979136
498,802,TE-G-52566454
499,759,TE-B-14432200
500,937,TE-O-11354582
501,875,TE-M-03499599
502,1147,TE-H-10274989
503,456,TE-A-00887937
504,854,TE-W-02060070
505,286,TE-Z-76840984
506,930,TE-R-47956742
507,672,TE-A-16961492
508,1554,TE-H-22351018
509,452,TE-P-27088276
510,1745,TE-T-64518163
511,1256,TE-P-70660370
512,454,TE-K-26175877
513,1709,TE-D-90162696
514,308,TE-T-10074113
515,727,TE-S-76664096
516,581,TE-S-72224212
517,393,TE-N-44754077
518,728,TE-L-65692444
519,945,TE-F-64129352
520,312,TE-P-48242835
521,1006,TE-B-53418868
522,827,TE-B-64313213
523,338,TE-A-84303295
524,1518,TE-K-68977716
525,854,TE-A-64224872
526,1556,TE-M-87300972
527,1656,TE-I-71472335
528,1374,TE-L-16278637
529,331,TE-D-32697565
530,1015,TE-A-06721421
531,887,TE-M-14344880
532,158,TE-F-93369443
533,603,TE-A-99620571
534,543,TE-Q-43937340
535,10,TE-K-77984471
536,684,TE-I-62805060
537,562,TE-J-74369833
538,1768,TE-U-24239673
539,42,TE-I-91546247
540,807,TE-O-54205765
541,1580,TE-G-36231881
542,450,TE-H-61939897
543,1545,TE-D-09104101
544,783,TE-F-65269721
545,669,TE-K-80241777
546,278,TE-L-45313720
547,1588,TE-W-11978456
548,831,TE-O-91675844
549,7,TE-S-70295090
550,971,TE-K-46063706
551,49,TE-X-39580414
552,1774,TE-U-66133440
553,1417,TE-W-22347047
554,438,TE-X-15714024
555,329,TE-O-48228786
556,1664,TE-L-01819497
557,250,TE-H-84309591
558,1443,TE-M-32199388
559,1791,TE-L-49376439
560,32,TE-Z-66352407
561,777,TE-J-74461238
562,1687,TE-Q-81726652
563,1327,TE-O-55530361
564,1284,TE-T-47658831
565,442,TE-P-17155228
566,1674,TE-R-05651899
567,1005,TE-I-86646568
568,52,TE-H-43472756
569,1477,TE-S-25759393
570,1249,TE-R-93404116
571,847,TE-K-47986763
572,1094,TE-R-94046337
573,358,TE-B-73210875
574,1426,TE-B-98987458
575,101,TE-D-25357145
576,269,TE-C-55813579
577,1417,TE-X-00528646
578,1187,TE-W-94048933
579,711,TE-V-96210321
580,668,TE-U-52219682
581,1594,TE-W-04964087
582,1243,TE-V-32264115
583,706,TE-S-18771732
584,1760,TE-T-31605294
585,1384,TE-N-60945948
586,1550,TE-X-53556641
587,1053,TE-R-79459704
588,1056,TE-T-78247731
589,1109,TE-A-74645338
590,526,TE-C-82298208
591,1550,TE-H-38496143
592,1531,TE-X-25574243
593,1025,TE-C-82340939
594,579,TE-S-88686133
595,1196,TE-V-26067481
596,703,TE-H-83120145
597,876,TE-H-56187603
598,1798,TE-O-77704444
599,1684,TE-U-57503284
600,489,TE-Q-86520603
601,169,TE-U-77864625
602,1402,TE-G-89401031
603,134,TE-E-07717701
604,993,TE-M-18667544
605,744,TE-O-04094999
606,547,TE-W-45775895
607,1524,TE-N-95493440
608,1202,TE-Z-95490585
609,1443,TE-X-45918432
610,173,TE-O-17925821
611,1075,TE-F-36586790
612,902,TE-J-16076119
613,642,TE-G-20761612
614,708,TE-Y-22958313
615,214,TE-J-50717447
616,32,TE-N-21069653
617,909,TE-T-72410177
618,531,TE-X-78635820
619,404,TE-U-35045002
620,1394,TE-J-28501726
621,1489,TE-H-83403821
622,211,TE-H-25361111
623,200,TE-K-30585777
624,1345,TE-C-03203960
625,751,TE-Q-85701697
626,1420,TE-B-72937347
627,844,TE-B-96603396
628,631,TE-J-62086970
629,1779,TE-P-50327315
630,1773,TE-W-43618040
631,121,TE-E-68200569
632,793,TE-S-43961730
633,773,TE-R-52865006
634,1552,TE-O-04392312
635,871,TE-S-02087571
636,346,TE-T-99116384
637,530,TE-J-53419381
638,297,TE-S-14229138
639,1613,TE-P-81719962
640,1392,TE-O-14830635
641,1149,TE-Z-19288076
642,1136,TE-E-75454027
643,785,TE-R-72330568
644,698,TE-S-46552859
645,1491,TE-S-72186409
646,933,TE-T-17851040
647,225,TE-G-20629736
648,634,TE-T-10952261
649,269,TE-Y-84339596
650,879,TE-Z-79129610
651,234,TE-V-46613728
652,754,TE-L-70943034
653,1122,TE-O-97587967
654,296,TE-A-91221716
655,258,TE-Q-30995633
656,35,TE-U-95288905
657,1595,TE-A-06853074
658,277,TE-R-01674019
659,579,TE-W-98438714
660,1708,TE-K-81078117
661,133,TE-I-45159431
662,1551,TE-Y-49160936
663,1506,TE-F-35530950
664,643,TE-W-90067280
665,1573,TE-O-00950537
666,611,TE-E-31912805
667,1715,TE-R-27173562
668,1601,TE-F-51382584
669,589,TE-G-07048798
670,119,TE-M-69044887
671,1371,TE-W-44476768
672,696,TE-T-94518239
673,1183,TE-D-02731853
674,1646,TE-J-54087323
675,1772,TE-A-14169225
676,1288,TE-A-02591537
677,1292,TE-F-93973144
678,158,TE-M-76679219
679,1618,TE-Q-95862097
680,164,TE-K-75362065
681,1727,TE-A-84895332
682,999,TE-M-34412538
683,1556,TE-C-39109982
684,516,TE-E-07583899
685,1554,TE-D-51905659
686,773,TE-M-68541315
687,928,TE-Z-13419158
688,819,TE-D-09980336
689,940,TE-Y-19566521
690,448,TE-G-20812422
691,187,TE-Z-95598099
692,1677,TE-A-32090564
693,1395,TE-O-00284220
694,754,TE-U-00224665
695,1661,TE-B-10274800
696,1660,TE-Z-66062373
697,1483,TE-L-81930136
698,266,TE-Q-64836767
699,910,TE-B-28715030
700,742,TE-Z-36948520
701,1317,TE-B-51987390
702,51,TE-U-10475286
703,728,TE-Z-27180931
704,430,TE-C-73167769
705,403,TE-S-41694336
706,789,TE-H-71506912
707,899,TE-L-84196179
708,363,TE-T-87932870
709,955,TE-J-76877315
710,12,TE-G-82421302
711,740,TE-R-71303778
712,284,TE-Z-50988836
713,1079,TE-N-19720479
714,402,TE-T-69965058
715,1426,TE-T-15747006
716,1328,TE-J-78864380
717,375,TE-F-15153099
718,1501,TE-X-76055855
719,1114,TE-D-84661710
720,716,TE-J-56503985
721,33,TE-R-44638514
722,729,TE-S-54648638
723,5,TE-I-60785204
724,1600,TE-A-26223772
725,464,TE-B-52558564
726,968,TE-Z-75422389
727,1138,TE-X-85842168
728,765,TE-R-09759923
729,264,TE-S-68316207
730,324,TE-F-12457797
731,958,TE-P-70176431
732,23,TE-K-57280537
733,464,TE-H-93326092
734,1194,TE-O-12860566
735,104,TE-G-14128859
736,633,TE-J-67012493
737,1204,TE-N-26335192
738,444,TE-I-38856370
739,607,TE-I-56562800
740,574,TE-E-89454008
741,1283,TE-Y-05051297
742,1378,TE-Z-67598858
743,1519,TE-N-93648874
744,97,TE-C-24635261
745,595,TE-L-34590940
746,502,TE-F-55841068
747,1542,TE-P-45165502
748,69,TE-F-25788570
749,775,TE-G-07944046
750,255,TE-M-95845660
751,323,TE-D-24456601
752,1617,TE-C-97540148
753,1302,TE-K-56425226
754,1182,TE-B-23757442
755,871,TE-B-80346327
756,1138,TE-U-52712859
757,254,TE-S-19706231
758,1229,TE-A-50879595
759,1257,TE-V-38904461
760,1678,TE-T-17588047
761,248,TE-X-89018814
762,452,TE-J-33938639
763,278,TE-T-49031150
764,648,TE-N-06907557
765,61,TE-H-50293983
766,176,TE-S-38996773
767,1559,TE-G-55468234
768,470,TE-W-64193915
769,782,TE-J-43550165
770,1068,TE-X-06908112
771,1770,TE-T-41074942
772,594,TE-I-04630282
773,1451,TE-F-75877390
774,616,TE-K-67391687
775,56,TE-L-36617489
776,939,TE-V-93684495
777,379,TE-B-19781034
778,203,TE-Y-93478575
779,1278,TE-E-53040091
780,913,TE-E-55308147
781,1713,TE-P-37637982
782,1207,TE-Z-77771066
783,104,TE-F-08166516
784,1784,TE-S-04375398
785,753,TE-E-83728677
786,995,TE-I-44698105
787,1141,TE-F-77224987
788,1357,TE-X-12883465
789,463,TE-H-57643444
790,682,TE-P-10498640
791,851,TE-M-20453509
792,670,TE-B-56440516
793,1045,TE-N-05028438
794,724,TE-C-27909846
795,1482,TE-T-00949725
796,562,TE-O-00858287
797,610,TE-V-75028271
798,623,TE-P-29097629
799,1694,TE-B-99134117
800,1715,TE-U-57219066
801,1112,TE-P-20993075
802,339,TE-M-00716547
803,890,TE-G-80148546
804,888,TE-T-61845515
805,422,TE-R-07857959
806,209,TE-V-41069293
807,1538,TE-G-66137365
808,1513,TE-V-12565766
809,301,TE-M-30583088
810,6,TE-J-60614508
811,543,TE-U-62275936
812,1749,TE-S-03278742
813,1699,TE-O-55045732
814,920,TE-A-73506016
815,354,TE-D-60069946
816,279,TE-G-06110674
817,1749,TE-R-17820260
818,552,TE-N-95971797
819,167,TE-F-97021088
820,1157,TE-O-40849545
821,260,TE-V-07400035
822,882,TE-M-98024554
823,1198,TE-Y-82145917
824,705,TE-I-96749414
825,265,TE-Z-62694034
826,1220,TE-I-62496938
827,445,TE-F-16572832
828,476,TE-D-12603644
829,638,TE-Z-30284749
830,1041,TE-K-63414549
831,1454,TE-N-37385613
832,1317,TE-D-50548496
833,295,TE-Y-32513475
834,1241,TE-R-61096677
835,1142,TE-S-01865208
836,1075,TE-G-79385640
837,129,TE-C-07475142
838,1063,TE-X-08760959
839,1617,TE-C-72848144
840,780,TE-Q-26542566
841,1671,TE-L-35345633
842,153,TE-V-63268406
843,1077,TE-H-87356870
844,557,TE-H-85665895
845,35,TE-A-22783598
846,18,TE-J-37782549
847,1399,TE-U-18320517
848,1389,TE-V-67909185
849,1305,TE-C-65443714
850,551,TE-D-20978938
851,1525,TE-J-11154319
852,1034,TE-F-83857589
853,720,TE-M-83689003
854,94,TE-M-59391696
855,620,TE-N-66657662
856,368,TE-V-53921267
857,526,TE-Z-31945143
858,1188,TE-B-72410985
859,848,TE-V-01956757
860,994,TE-M-97637669
861,312,TE-Y-68666387
862,1535,TE-J-24873082
863,1120,TE-Z-87719149
864,1048,TE-F-08464263
865,1610,TE-C-68264188
866,1260,TE-Z-63253990
867,1090,TE-L-43602628
868,937,TE-R-40336832
869,327,TE-I-39441694
870,1556,TE-V-57529665
871,60,TE-V-48950194
872,1100,TE-B-36272726
873,1131,TE-P-20640711
874,1357,TE-R-31253759
875,317,TE-Z-24468389
876,722,TE-T-85393400
877,883,TE-Y-17645152
878,1544,TE-N-29548530
879,266,TE-H-49399030
880,270,TE-S-01635229
881,1132,TE-X-28900488
882,1437,TE-U-10695548
883,597,TE-J-02444885
884,98,TE-Y-52410934
885,1123,TE-T-16876658
886,131,TE-U-88912819
887,352,TE-Y-40660657
888,586,TE-Y-21263661
889,1481,TE-Y-26550485
890,765,TE-X-21346660
891,391,TE-N-88109837
892,1162,TE-T-51263511
893,417,TE-O-70048253
894,937,TE-M-94599220
895,1203,TE-V-93285226
896,1590,TE-S-48041749
897,394,TE-J-58987294
898,732,TE-L-91505103
899,1397,TE-N-12570286
900,1194,TE-L-15594322
901,1728,TE-H-43008325
902,1009,TE-G-42178909
903,1301,TE-D-96447808
904,824,TE-P-97891830
905,1520,TE-P-23062542
906,104,TE-V-38407137
907,1144,TE-F-80924746
908,1600,TE-A-57494599
909,1315,TE-S-60269669
910,303,TE-N-97176716
911,1507,TE-E-61680391
912,1779,TE-O-28715153
913,304,TE-H-21938490
914,1081,TE-X-71305163
915,270,TE-C-24678004
916,953,TE-C-10165226
917,1044,TE-G-89900009
918,538,TE-V-23934722
919,1473,TE-I-51308204
920,723,TE-U-39859796
921,81,TE-B-14571296
922,1384,TE-N-10678120
923,118,TE-X-77832588
924,1302,TE-G-68998262
925,911,TE-I-85375997
926,1094,TE-R-79045591
927,315,TE-W-19950555
928,213,TE-B-54423946
929,571,TE-F-87993101
930,1319,TE-P-83363187
931,1512,TE-Z-70048023
932,381,TE-D-51830559
933,538,TE-U-77379444
934,704,TE-T-11576414
935,1240,TE-D-67594072
936,1496,TE-B-68257608
937,581,TE-T-88715255
938,1297,TE-I-91420536
939,86,TE-B-11087901
940,1768,TE-L-40144895
941,1697,TE-R-36958275
942,1567,TE-M-97152089
943,1134,TE-P-00772228
944,1156,TE-T-64183766
945,1707,TE-R-40513722
946,1464,TE-P-96917331
947,1473,TE-C-31242075
948,1353,TE-P-03627584
949,917,TE-R-56723223
950,440,TE-U-34449096
951,372,TE-S-74531222
952,1757,TE-Q-91422469
953,381,TE-K-38512044
954,451,TE-L-07784469
955,1765,TE-R-93113405
956,850,TE-L-52807225
957,144,TE-J-79539179
958,1186,TE-P-72306770
959,1663,TE-F-58780016
960,1547,TE-S-94249885
961,1618,TE-Y-63802338
962,1586,TE-M-15581860
963,1060,TE-A-06861810
964,1657,TE-O-41110055
965,1286,TE-Q-43941848
966,939,TE-H-45931546
967,986,TE-L-99303774
968,1336,TE-V-64877414
969,1066,TE-T-32618979
970,1271,TE-P-05684224
971,1556,TE-J-86444141
972,514,TE-O-51802235
973,384,TE-Y-25060488
974,1386,TE-B-76816085
975,521,TE-Y-72994467
976,871,TE-I-65008327
977,338,TE-Y-94740653
978,1040,TE-Q-16137869
979,991,TE-O-31005533
980,1032,TE-V-00554950
981,1692,TE-H-69844497
982,1485,TE-I-67375451
983,859,TE-N-05539295
984,1093,TE-W-41197588
985,11,TE-F-90228557
986,1760,TE-H-47667285
987,59,TE-T-75892285
988,332,TE-V-20906509
989,768,TE-J-57961656
990,492,TE-V-24786892
991,722,TE-B-86322259
992,648,TE-B-28194666
993,172,TE-H-14132088
994,1597,TE-J-88197544
995,1415,TE-R-95547661
996,762,TE-K-98157236
997,885,TE-F-37173141
998,18,TE-B-42991049
999,1303,TE-F-93134406
1000,501,TE-Y-97895810
1001,1654,TE-D-43847475
1002,1141,TE-U-84724821
1003,792,TE-Z-54086937
1004,377,TE-H-25580740
1005,1661,TE-O-40141590
1006,1532,TE-C-47617412
1007,633,TE-A-60251132
1008,192,TE-X-79326396
1009,718,TE-L-86603748
1010,1621,TE-P-51316063
1011,40,TE-L-76547857
1012,817,TE-C-15236106
1013,814,TE-S-55364647
1014,1438,TE-M-95823004
1015,1166,TE-U-14025281
1016,866,TE-R-31502576
1017,1003,TE-U-11901076
1018,280,TE-G-76721126
1019,697,TE-G-00867135
1020,1609,TE-Z-41124037
1021,1720,TE-H-97894563
1022,1674,TE-W-15025207
1023,1568,TE-S-73307967
1024,152,TE-F-63799831
1025,150,TE-N-71359116
1026,1634,TE-Y-69107319
1027,1631,TE-K-85175882
1028,1616,TE-V-87063760
1029,1163,TE-R-38413823
1030,1698,TE-Y-78668590
1031,1572,TE-T-22709538
1032,1712,TE-V-85211135
1033,250,TE-S-54353707
1034,245,TE-M-14767000
1035,1152,TE-N-87318350
1036,932,TE-A-86687123
1037,1687,TE-B-71850761
1038,397,TE-M-20161784
1039,365,TE-L-04220755
1040,1384,TE-V-85951191
1041,76,TE-G-55345189
1042,1515,TE-T-98646549
1043,1,TE-D-05942549
1044,665,TE-Y-47428282
1045,455,TE-W-95922544
1046,1697,TE-I-76747783
1047,1616,TE-S-47229589
1048,1614,TE-Z-74690310
1049,309,TE-Q-57889560
1050,140,TE-H-72000194
1051,1546,TE-L-30919238
1052,905,TE-Z-59747406
1053,1222,TE-D-43625720
1054,374,TE-R-30982636
1055,1634,TE-B-85198136
1056,127,TE-D-64988027
1057,999,TE-S-52990315
1058,1614,TE-W-18635305
1059,348,TE-O-05464628
1060,470,TE-B-10722228
1061,914,TE-I-45905487
1062,320,TE-F-39589541
1063,8,TE-R-08650525
1064,1342,TE-H-60138159
1065,1101,TE-X-66924272
1066,58,TE-Y-52317344
1067,1787,TE-M-08332252
1068,1095,TE-T-08127692
1069,956,TE-G-98083386
1070,220,TE-G-50064706
1071,1654,TE-O-08659218
1072,149,TE-G-69726880
1073,973,TE-P-08524542
1074,844,TE-B-81540449
1075,786,TE-L-44832356
1076,184,TE-H-91880558
1077,934,TE-W-22065909
1078,901,TE-E-83230376
1079,199,TE-F-15177133
1080,689,TE-L-56329648
1081,298,TE-X-25617046
1082,1265,TE-P-49205903
1083,518,TE-R-43462878
1084,1568,TE-N-91042632
1085,1527,TE-B-60816793
1086,223,TE-A-10772504
1087,1743,TE-H-68234401
1088,1668,TE-A-36428242
1089,563,TE-T-32137717
1090,111,TE-Q-54490003
1091,51,TE-P-64838473
1092,1470,TE-J-98674188
1093,137,TE-K-87712098
1094,1684,TE-S-15337522
1095,491,TE-K-91218683
1096,446,TE-K-50686738
1097,1409,TE-B-22694891
1098,1613,TE-N-59960900
1099,1333,TE-Q-99885804
1100,753,TE-X-03336558
1101,1757,TE-X-03722426
1102,1451,TE-E-72330614
1103,88,TE-Q-74038903
1104,1438,TE-U-71461480
1105,758,TE-M-81347239
1106,1619,TE-P-25179339
1107,687,TE-S-80884554
1108,863,TE-P-98108999
1109,43,TE-B-38138832
1110,583,TE-E-42086427
1111,1271,TE-Q-15274508
1112,1299,TE-W-63038306
1113,1132,TE-R-61069510
1114,1783,TE-V-13198168
1115,681,TE-Z-19206376
1116,1040,TE-U-22227803
1117,1479,TE-L-57800437
1118,984,TE-F-62571648
1119,1080,TE-I-72317036
1120,478,TE-O-91629750
1121,1177,TE-K-76541755
1122,19,TE-X-61015682
1123,1682,TE-E-26982072
1124,93,TE-K-02539170
1125,1070,TE-T-28882705
1126,1135,TE-O-39009212
1127,967,TE-N-75404235
1128,882,TE-Y-30055944
1129,1514,TE-Q-55191943
1130,1461,TE-I-33909223
1131,1536,TE-W-83583830
1132,867,TE-M-15868445
1133,1125,TE-T-69711691
1134,268,TE-G-82324795
1135,1486,TE-D-07536393
1136,1591,TE-G-09960728
1137,462,TE-M-09321928
1138,1605,TE-I-49540944
1139,25,TE-W-49434363
1140,1524,TE-D-19314531
1141,311,TE-V-08336886
1142,1772,TE-I-82043148
1143,1796,TE-S-90410391
1144,162,TE-O-52397882
1145,80,TE-O-28737323
1146,1614,TE-N-44471566
1147,835,TE-B-51385672
1148,1707,TE-A-53088438
1149,1753,TE-P-40626926
1150,804,TE-R-12382414
1151,1406,TE-H-82760237
1152,1546,TE-E-48373760
1153,283,TE-K-99124634
1154,1711,TE-K-85558902
1155,1246,TE-H-42247192
1156,572,TE-V-96733756
1157,1676,TE-L-64068678
1158,1477,TE-T-61854868
1159,952,TE-I-91513800
1160,1253,TE-X-58552051
1161,891,TE-K-59516853
1162,691,TE-C-77394186
1163,2,TE-M-03136126
1164,1113,TE-Y-35112635
1165,253,TE-G-16637918
1166,288,TE-F-04371398
1167,859,TE-P-57676099
1168,1797,TE-O-49154682
1169,58,TE-A-76961252
1170,432,TE-N-50988648
1171,1088,TE-S-02103982
1172,600,TE-O-65323196
1173,169,TE-D-91227600
1174,1046,TE-Y-50414780
1175,1112,TE-L-80356447
1176,140,TE-C-67414778
1177,1563,TE-X-77542589
1178,809,TE-U-31081793
1179,1702,TE-I-82408854
1180,1048,TE-Q-19198382
1181,576,TE-V-91738393
1182,254,TE-A-45511149
1183,1232,TE-M-15717292
1184,955,TE-R-42034417
1185,1054,TE-W-27990203
1186,175,TE-V-01821389
1187,650,TE-V-04543766
1188,1260,TE-M-50405208
1189,786,TE-W-00879861
1190,1330,TE-V-79036924
1191,801,TE-R-38610761
1192,848,TE-V-14135720
1193,1379,TE-P-72527748
1194,325,TE-U-86197355
1195,1483,TE-H-92100988
1196,1096,TE-T-17245354
1197,1723,TE-W-76437033
1198,1662,TE-P-65792592
1199,1624,TE-E-72102330
1200,1542,TE-D-01533038
1201,1324,TE-K-35088713
1202,1013,TE-Q-75826848
1203,72,TE-O-83424532
1204,824,TE-A-53133707
1205,500,TE-V-41883326
1206,1124,TE-P-00402907
1207,505,TE-D-54963485
1208,1093,TE-U-30218633
1209,508,TE-Q-59491844
1210,1339,TE-J-03191771
1211,614,TE-W-68530723
1212,53,TE-Y-89392182
1213,1345,TE-I-63750323
1214,1133,TE-G-78960074
1215,721,TE-K-67855732
1216,198,TE-K-49592335
1217,1720,TE-G-91146032
1218,396,TE-F-60711369
1219,80,TE-K-50652281
1220,711,TE-Z-76992108
1221,1223,TE-D-11690540
1222,1493,TE-W-63840890
1223,1240,TE-U-79092164
1224,912,TE-K-06774222
1225,37,TE-E-05675819
1226,1582,TE-R-38283010
1227,775,TE-P-43172025
1228,1778,TE-P-89999775
1229,1445,TE-U-26422585
1230,1025,TE-H-03708600
1231,1580,TE-F-89774222
1232,1695,TE-T-85531524
1233,463,TE-Z-43221917
1234,641,TE-R-83432844
1235,1608,TE-C-49354928
1236,1128,TE-W-19960929
1237,191,TE-W-39882628
1238,1112,TE-E-28226532
1239,1735,TE-P-80213487
1240,1755,TE-O-47824514
1241,133,TE-M-97045827
1242,1383,TE-A-25523848
1243,1485,TE-P-15464961
1244,131,TE-Y-09252603
1245,1141,TE-G-01180001
1246,146,TE-I-45843244
1247,1199,TE-M-12225216
1248,1568,TE-I-61415489
1249,544,TE-Q-39121732
1250,823,TE-X-84444369
1251,5,TE-J-45312768
1252,1140,TE-W-93361706
1253,1411,TE-X-00119621
1254,1779,TE-P-99777704
1255,176,TE-B-39932080
1256,633,TE-N-41453504
1257,1643,TE-V-65318223
1258,1235,TE-P-34064076
1259,69,TE-T-87734259
1260,828,TE-E-80508710
1261,767,TE-G-19491906
1262,186,TE-Y-30855757
1263,1021,TE-B-02367978
1264,613,TE-O-92931431
1265,649,TE-R-70790465
1266,79,TE-C-12202724
1267,892,TE-V-35670274
1268,608,TE-W-70212568
1269,1462,TE-Q-15610477
1270,1007,TE-J-86805266
1271,344,TE-M-94175674
1272,836,TE-B-71845222
1273,1496,TE-C-68888633
1274,1516,TE-G-60048380
1275,1338,TE-P-84306454
1276,1667,TE-U-52869639
1277,1695,TE-E-37596966
1278,1781,TE-R-14340373
1279,548,TE-J-44751358
1280,28,TE-X-44110483
1281,801,TE-G-11212840
1282,328,TE-P-07578406
1283,356,TE-F-50928776
1284,109,TE-C-48911426
1285,979,TE-H-32893385
1286,604,TE-F-94463884
1287,1684,TE-B-37107152
1288,1091,TE-S-74433227
1289,1197,TE-K-55326813
1290,911,TE-B-53364778
1291,530,TE-I-03628110
1292,903,TE-Z-07548106
1293,1151,TE-Q-60686041
1294,14,TE-P-94968536
1295,587,TE-X-53726396
1296,155,TE-N-62596274
1297,1020,TE-T-56867117
1298,960,TE-C-86579873
1299,445,TE-J-67219728
1300,1049,TE-V-02702159
1301,738,TE-F-79597457
1302,1587,TE-D-59528665
1303,1773,TE-O-80953570
1304,1016,TE-Q-76234168
1305,797,TE-X-10851557
1306,1112,TE-F-81000399
1307,1,TE-X-04918804
1308,363,TE-J-99084985
1309,177,TE-D-15594939
1310,168,TE-W-17773414
1311,1211,TE-H-16860507
1312,1766,TE-J-09011544
1313,1116,TE-V-07256552
1314,613,TE-D-19269463
1315,253,TE-W-81072099
1316,667,TE-A-26723268
1317,280,TE-F-93324339
1318,217,TE-Q-57631186
1319,1067,TE-H-93679877
1320,1485,TE-P-65482546
1321,1112,TE-B-48984528
1322,1312,TE-Y-36614699
1323,1005,TE-A-87374901
1324,388,TE-U-15257540
1325,1534,TE-P-02794690
1326,1737,TE-Z-09108184
1327,144,TE-G-23828204
1328,1377,TE-B-15789136
1329,109,TE-M-12399555
1330,118,TE-C-38774427
1331,1798,TE-U-36254068
1332,143,TE-D-15477815
1333,952,TE-T-77224584
1334,804,TE-U-67694520
1335,869,TE-B-78023623
1336,1623,TE-Q-41941389
1337,461,TE-B-14421463
1338,863,TE-Y-93691188
1339,437,TE-G-79714759
1340,1381,TE-A-71878234
1341,393,TE-S-28221635
1342,1229,TE-N-03392143
1343,94,TE-M-20620236
1344,644,TE-D-51795790
1345,986,TE-W-41630290
1346,520,TE-B-32692715
1347,60,TE-H-62535495
1348,1506,TE-R-52302787
1349,630,TE-L-69741435
1350,565,TE-U-82173846
1351,1615,TE-W-45182522
1352,320,TE-V-69668550
1353,1018,TE-I-00159334
1354,1666,TE-Q-64085641
1355,1524,TE-C-00496908
1356,6,TE-E-57040286
1357,1153,TE-K-15992802
1358,1732,TE-G-32384949
1359,1022,TE-M-20124119
1360,784,TE-G-52959962
1361,1514,TE-V-02888635
1362,600,TE-M-61785508
1363,614,TE-Z-00031782
1364,1045,TE-X-17838806
1365,332,TE-K-89739030
1366,1468,TE-Y-22229797
1367,673,TE-M-60627224
1368,1442,TE-E-00433041
1369,1187,TE-D-11764561
1370,1659,TE-G-75429394
1371,577,TE-D-24925698
1372,440,TE-K-92772477
1373,1098,TE-Z-45495067
1374,802,TE-Z-36119146
1375,1195,TE-M-96933987
1376,1068,TE-A-79960333
1377,1433,TE-H-89718260
1378,57,TE-K-09945207
1379,353,TE-R-30494981
1380,1123,TE-P-47280932
1381,1290,TE-K-29268568
1382,181,TE-O-56740913
1383,69,TE-Z-35348105
1384,95,TE-L-04443236
1385,593,TE-G-61083767
1386,1503,TE-G-18878143
1387,810,TE-S-64774945
1388,1226,TE-Q-77202610
1389,460,TE-Q-49414805
1390,837,TE-V-90513073
1391,837,TE-B-29881513
1392,249,TE-N-03713636
1393,1069,TE-E-11134192
1394,1741,TE-V-45956243
1395,647,TE-E-77597887
1396,777,TE-B-81215551
1397,1302,TE-L-12499037
1398,616,TE-Q-05194477
1399,1302,TE-W-60349268
1400,523,TE-P-25134271
1401,548,TE-E-56116129
1402,1192,TE-D-59334695
1403,626,TE-F-58138517
1404,307,TE-O-03373299
1405,1370,TE-J-00702989
1406,929,TE-G-50730522
1407,1386,TE-Y-48429687
1408,911,TE-M-30199275
1409,128,TE-E-70605455
1410,859,TE-R-33885929
1411,1265,TE-N-49205185
1412,1239,TE-M-64095010
1413,988,TE-J-30721390
1414,1134,TE-F-12952209
1415,185,TE-B-21825782
1416,363,TE-B-28236152
1417,233,TE-T-16768646
1418,538,TE-L-03103559
1419,1179,TE-M-71028196
1420,1593,TE-N-77694923
1421,958,TE-A-22687453
1422,1355,TE-P-24539401
1423,328,TE-K-68520130
1424,72,TE-B-68751799
1425,780,TE-C-11398926
1426,1486,TE-G-72303910
1427,128,TE-M-79137840
1428,637,TE-B-16294271
1429,117,TE-D-58001438
1430,362,TE-H-19493499
1431,1561,TE-I-50607324
1432,978,TE-B-54193819
1433,33,TE-L-82662363
1434,1309,TE-D-63253519
1435,905,TE-E-80180972
1436,1729,TE-O-34948665
1437,1237,TE-S-82724095
1438,1423,TE-G-62790701
1439,1149,TE-D-91901572
1440,808,TE-O-84416776
1441,589,TE-P-79380051
1442,585,TE-R-04355154
1443,491,TE-M-13916924
1444,528,TE-I-20751627
1445,921,TE-B-64098096
1446,1179,TE-K-74544973
1447,810,TE-Y-71987939
1448,1087,TE-D-67268242
1449,1631,TE-O-44425468
1450,280,TE-V-06676395
1451,1509,TE-T-46425565
1452,875,TE-A-73481051
1453,395,TE-V-40129685
1454,559,TE-Z-71183983
1455,120,TE-X-10652234
1456,1789,TE-B-74540283
1457,832,TE-M-92910720
1458,753,TE-J-91539816
1459,1438,TE-O-87582785
1460,1661,TE-F-92985207
1461,1566,TE-P-24608251
1462,965,TE-W-42760237
1463,1322,TE-S-88343097
1464,73,TE-I-66561525
1465,1179,TE-T-65545982
1466,1218,TE-G-01104942
1467,700,TE-Y-81550863
1468,688,TE-B-25611058
1469,829,TE-X-09569660
1470,591,TE-O-05430179
1471,189,TE-M-29659037
1472,711,TE-J-86035888
1473,604,TE-M-33605963
1474,1390,TE-L-31174876
1475,656,TE-X-72619934
1476,821,TE-B-16716548
1477,1325,TE-T-91781596
1478,1487,TE-K-17169029
1479,1542,TE-X-34989163
1480,1647,TE-G-74687448
1481,1417,TE-B-18084198
1482,82,TE-E-63170766
1483,170,TE-O-07727304
1484,132,TE-T-72387114
1485,194,TE-F-15878814
1486,480,TE-B-96234177
1487,1157,TE-F-03279716
1488,1055,TE-P-01767178
1489,302,TE-P-58272526
1490,1152,TE-T-92667874
1491,1765,TE-R-37091621
1492,140,TE-K-97477384
1493,531,TE-P-86327651
1494,1459,TE-L-63828219
1495,1279,TE-T-16025825
1496,1282,TE-E-65243759
1497,245,TE-I-61390513
1498,549,TE-V-49534203
1499,783,TE-A-01123183
1500,1312,TE-Q-33144815
1501,734,TE-W-91133962
1502,1611,TE-S-01760648
1503,345,TE-P-09439040
1504,772,TE-V-73106651
1505,1521,TE-T-17776545
1506,208,TE-S-44046030
1507,87,TE-D-83237043
1508,1330,TE-S-27380986
1509,1723,TE-K-28941909
1510,265,TE-J-04899513
1511,1606,TE-T-21218984
1512,1285,TE-L-11019917
1513,1629,TE-H-72216251
1514,1513,TE-B-05160105
1515,1526,TE-C-09714458
1516,1366,TE-O-99316839
1517,452,TE-O-72259052
1518,679,TE-R-98515924
1519,1384,TE-U-70108536
1520,1083,TE-L-64721254
1521,947,TE-I-64942761
1522,344,TE-E-81496007
1523,1090,TE-G-93616041
1524,236,TE-Y-65665621
1525,1296,TE-M-90088710
1526,1645,TE-O-30141480
1527,677,TE-T-37642037
1528,1562,TE-M-96142281
1529,1500,TE-V-80303709
1530,1004,TE-I-30889379
1531,1395,TE-K-50782378
1532,723,TE-U-37547560
1533,131,TE-Y-27276022
1534,660,TE-O-36645525
1535,1449,TE-Q-71351909
1536,1005,TE-J-62865841
1537,1680,TE-S-38015373
1538,104,TE-I-24822197
1539,1539,TE-S-59885737
1540,528,TE-J-99966455
1541,1179,TE-N-93671655
1542,678,TE-X-73743864
1543,1307,TE-W-95159041
1544,507,TE-W-91868717
1545,1770,TE-D-58974889
1546,316,TE-A-65717746
1547,771,TE-Q-47225405
1548,1342,TE-A-65077356
1549,516,TE-R-11419208
1550,724,TE-Z-55498702
1551,1252,TE-S-55185981
1552,857,TE-T-31785561
1553,1487,TE-Z-66526941
1554,1461,TE-U-92747874
1555,387,TE-L-11369754
1556,1395,TE-R-63235348
1557,1788,TE-D-62701473
1558,516,TE-J-61811790
1559,870,TE-X-74694080
1560,1108,TE-I-67807035
1561,426,TE-C-66086638
1562,1635,TE-C-90595904
1563,488,TE-B-02432340
1564,485,TE-Z-15997492
1565,268,TE-Z-77255420
1566,1670,TE-W-20117427
1567,1581,TE-E-90571834
1568,1245,TE-C-89791035
1569,1456,TE-S-22249351
1570,706,TE-Z-79378323
1571,809,TE-R-05766825
1572,1318,TE-Y-73228005
1573,664,TE-U-25598801
1574,1310,TE-B-25774773
1575,1648,TE-C-92019089
1576,1365,TE-D-50617968
1577,419,TE-G-61215068
1578,1405,TE-A-82500075
1579,1145,TE-I-98559648
1580,133,TE-H-59151609
1581,232,TE-U-63314271
1582,690,TE-I-65441709
1583,1053,TE-U-38034338
1584,1788,TE-B-19740845
1585,505,TE-Z-98086896
1586,1750,TE-B-57149395
1587,915,TE-E-36427960
1588,38,TE-R-34755324
1589,1209,TE-O-44574122
1590,193,TE-R-03237055
1591,1233,TE-R-84700316
1592,917,TE-E-22226171
1593,1079,TE-Z-13362108
1594,519,TE-H-62116754
1595,1296,TE-S-65968623
1596,392,TE-B-33794635
1597,1558,TE-V-56898142
1598,1679,TE-G-59591593
1599,344,TE-F-22380610
1600,753,TE-W-24221574
1601,1708,TE-E-07927260
1602,1733,TE-Z-45049008
1603,42,TE-E-26320369
1604,845,TE-O-45869590
1605,415,TE-W-37343901
1606,80,TE-C-64982781
1607,1457,TE-U-66392102
1608,82,TE-X-69024283
1609,1568,TE-M-80696314
1610,1008,TE-E-55378610
1611,1069,TE-Z-95694930
1612,67,TE-T-18449965
1613,1648,TE-F-27896583
1614,1426,TE-V-35265972
1615,1492,TE-A-48696385
1616,710,TE-J-78259624
1617,351,TE-Y-93332980
1618,253,TE-K-54831429
1619,1446,TE-A-05668703
1620,1685,TE-N-55774153
1621,1157,TE-L-15869104
1622,1253,TE-Y-74843501
1623,1305,TE-J-21397925
1624,1549,TE-K-61415804
1625,916,TE-N-89503048
1626,514,TE-Q-96069815
1627,1209,TE-F-10584376
1628,488,TE-L-11485266
1629,674,TE-G-55062856
1630,48,TE-H-36263868
1631,1415,TE-T-16729620
1632,236,TE-P-02945532
1633,1044,TE-Y-50695923
1634,497,TE-Q-17881810
1635,693,TE-L-21585014
1636,203,TE-E-60201280
1637,1299,TE-Y-15815162
1638,1557,TE-T-93689566
1639,1114,TE-V-22107718
1640,994,TE-O-06394998
1641,715,TE-Z-00768716
1642,1136,TE-V-72768140
1643,337,TE-K-60513262
1644,359,TE-F-75742393
1645,1171,TE-E-16827981
1646,792,TE-U-27541332
1647,271,TE-R-92613949
1648,1636,TE-W-82623548
1649,1500,TE-R-32317926
1650,306,TE-G-45091662
1651,1374,TE-Q-12046763
1652,1321,TE-L-26329705
1653,420,TE-K-95151642
1654,893,TE-Q-78162291
1655,1466,TE-C-46164837
1656,686,TE-K-63288641
1657,169,TE-L-29042222
1658,401,TE-J-76382507
1659,1397,TE-A-50514062
1660,1235,TE-N-29033381
1661,1507,TE-F-24436645
1662,1084,TE-O-92150752
1663,1135,TE-D-94764576
1664,1541,TE-L-28541789
1665,110,TE-F-89060618
1666,1757,TE-N-28334971
1667,1465,TE-C-38084820
1668,842,TE-H-07077179
1669,1764,TE-A-35724886
1670,826,TE-N-00457084
1671,1260,TE-A-99035410
1672,1690,TE-A-92547361
1673,331,TE-I-97934707
1674,757,TE-U-06968438
1675,1171,TE-Q-46766758
1676,990,TE-E-67375468
1677,912,TE-W-19126695
1678,587,TE-X-89185985
1679,352,TE-B-31549237
1680,81,TE-H-88511762
1681,791,TE-C-74290047
1682,829,TE-L-64392099
1683,6,TE-L-64216798
1684,1556,TE-M-36298052
1685,631,TE-D-55019289
1686,95,TE-D-79161318
1687,1478,TE-V-11838671
1688,133,TE-L-75980922
1689,1215,TE-O-20661847
1690,1171,TE-N-20576807
1691,521,TE-Y-97759453
1692,258,TE-N-65047152
1693,1321,TE-R-01704386
1694,601,TE-G-79908583
1695,1029,TE-W-13710038
1696,1579,TE-S-38037584
1697,784,TE-R-76524013
1698,761,TE-J-45621771
1699,1607,TE-A-23477839
1700,247,TE-X-58417696
1701,526,TE-Q-80048559
1702,1290,TE-L-62024574
1703,728,TE-V-20186756
1704,1327,TE-M-02512395
1705,1268,TE-D-34803409
1706,165,TE-N-74801460
1707,1585,TE-X-45759978
1708,285,TE-V-40876078
1709,163,TE-W-20765983
1710,1079,TE-F-32143675
1711,929,TE-B-34897978
1712,420,TE-B-19557412
1713,1586,TE-B-02290202
1714,368,TE-K-99842497
1715,501,TE-N-10086826
1716,830,TE-T-87797069
1717,1386,TE-W-26313641
1718,1533,TE-C-63718578
1719,477,TE-U-29917811
1720,883,TE-U-54321409
1721,1513,TE-J-93160773
1722,575,TE-A-71894636
1723,156,TE-M-25273408
1724,1754,TE-D-83826050
1725,1424,TE-P-25264426
1726,689,TE-T-90827862
1727,183,TE-W-37408425
1728,164,TE-S-62645752
1729,235,TE-U-02965599
1730,755,TE-J-10175549
1731,1208,TE-E-84318945
1732,193,TE-U-29284219
1733,1301,TE-C-12196288
1734,1365,TE-Y-61607904
1735,1566,TE-W-74450116
1736,333,TE-O-70899627
1737,1466,TE-W-86973226
1738,1313,TE-P-29472475
1739,1612,TE-P-38475092
1740,384,TE-Q-04479592
1741,337,TE-H-84153837
1742,848,TE-Q-49365434
1743,294,TE-K-16195752
1744,300,TE-T-33730022
1745,660,TE-Z-37150711
1746,384,TE-T-19875736
1747,1562,TE-Z-20317252
1748,332,TE-P-78937185
1749,1277,TE-T-89979752
1750,1175,TE-Z-50165214
1751,1478,TE-X-67695820
1752,727,TE-X-10587254
1753,1108,TE-K-62326595
1754,1185,TE-J-29526407
1755,804,TE-J-10282444
1756,1670,TE-D-40420796
1757,1427,TE-U-48867598
1758,1323,TE-X-94029793
1759,1625,TE-O-38013972
1760,1178,TE-S-34307215
1761,1210,TE-A-83441498
1762,143,TE-N-08557764
1763,1683,TE-Z-60840862
1764,736,TE-T-55881590
1765,1162,TE-A-78615402
1766,810,TE-Q-54107829
1767,962,TE-U-84234449
1768,445,TE-S-00849170
1769,963,TE-L-42732218
1770,289,TE-E-23393959
1771,1295,TE-T-75611049
1772,394,TE-B-47796453
1773,1217,TE-M-58893421
1774,830,TE-I-43198745
1775,1300,TE-L-97766469
1776,191,TE-A-90947066
1777,259,TE-Z-17526162
1778,963,TE-Y-35134023
1779,289,TE-G-12318930
1780,1254,TE-O-39767635
1781,375,TE-M-79052572
1782,1726,TE-G-57659626
1783,625,TE-T-64215521
1784,1754,TE-W-43117521
1785,57,TE-H-04805666
1786,1639,TE-J-59604780
1787,1334,TE-J-21983767
1788,1090,TE-C-29296767
1789,1733,TE-O-31277522
1790,90,TE-D-61471688
1791,692,TE-U-59036785
1792,634,TE-E-52220366
1793,190,TE-X-10687664
1794,723,TE-B-91153001
1795,1745,TE-Z-89042023
1796,497,TE-T-71320663
1797,1549,TE-T-36035202
1798,199,TE-J-18187306
1799,402,TE-I-08644934
1800,78,TE-J-14262795
1801,844,TE-I-34890213
1802,521,TE-U-44596069
1803,695,TE-O-29858691
1804,256,TE-Y-53165195
1805,41,TE-A-26289235
1806,238,TE-S-33407526
1807,752,TE-Y-57168354
1808,784,TE-V-82127940
1809,1737,TE-E-78974498
1810,883,TE-U-85874510
1811,525,TE-Z-96860480
1812,1642,TE-B-57179511
1813,696,TE-P-62620510
1814,1286,TE-N-97498003
1815,853,TE-K-01403792
1816,928,TE-M-40925043
1817,233,TE-C-90910931
1818,609,TE-E-10613030
1819,793,TE-G-61084267
1820,1767,TE-T-68419633
1821,898,TE-Y-40009972
1822,918,TE-B-83170550
1823,373,TE-N-11657406
1824,963,TE-T-20136504
1825,53,TE-O-88086712
1826,450,TE-Z-15148478
1827,1214,TE-J-52642687
1828,371,TE-D-19207267
1829,1364,TE-Z-81661518
1830,1749,TE-V-58090608
1831,1009,TE-P-36833704
1832,1512,TE-T-19280971
1833,1206,TE-Y-70982411
1834,1129,TE-E-08349760
1835,53,TE-H-92804552
1836,1418,TE-Z-70830394
1837,663,TE-E-04062007
1838,1705,TE-O-17987091
1839,1076,TE-T-80989491
1840,1018,TE-D-50032693
1841,18,TE-A-88215698
1842,1158,TE-O-88382717
1843,711,TE-H-85866069
1844,12,TE-R-25095803
1845,1152,TE-R-97440975
1846,1084,TE-S-13036824
1847,177,TE-J-65114977
1848,1432,TE-Y-16536074
1849,894,TE-Y-94354457
1850,577,TE-N-65595704
1851,1585,TE-W-02793639
1852,1286,TE-S-17482358
1853,769,TE-W-06261051
1854,1349,TE-Y-94358547
1855,375,TE-P-67548246
1856,963,TE-X-86579013
1857,1490,TE-P-22481399
1858,1535,TE-X-88005686
1859,254,TE-P-53729982
1860,1270,TE-D-10043330
1861,1452,TE-G-29625348
1862,1132,TE-I-15003614
1863,1248,TE-U-33245753
1864,883,TE-I-88402794
1865,1262,TE-X-68800707
1866,1438,TE-V-11854258
1867,1034,TE-T-32446565
1868,888,TE-J-78401810
1869,789,TE-P-80718184
1870,1645,TE-J-85380628
1871,31,TE-T-57268851
1872,393,TE-E-76113315
1873,1331,TE-Q-67216482
1874,279,TE-I-09655183
1875,1357,TE-J-75414793
1876,1032,TE-V-63774331
1877,837,TE-Y-53687350
1878,327,TE-W-43253496
1879,1264,TE-H-30215161
1880,1337,TE-D-85891342
1881,1643,TE-R-45905591
1882,517,TE-K-41597925
1883,1638,TE-Z-98906648
1884,1214,TE-L-68728676
1885,443,TE-M-73923566
1886,1213,TE-M-16900877
1887,816,TE-W-21503772
1888,1224,TE-G-27870347
1889,973,TE-T-48746695
1890,1275,TE-P-34594078
1891,1222,TE-O-44989669
1892,45,TE-J-56086398
1893,249,TE-M-54691618
1894,801,TE-H-23493875
1895,1673,TE-V-49377589
1896,1247,TE-B-99135337
1897,1670,TE-F-86325984
1898,1165,TE-N-10763998
1899,1440,TE-O-84688723
1900,1250,TE-N-22380221
1901,38,TE-K-32568401
1902,1781,TE-A-44697240
1903,265,TE-Y-81933687
1904,1233,TE-A-63489826
1905,622,TE-F-65913644
1906,48,TE-N-68416558
1907,1121,TE-H-10602660
1908,1250,TE-W-09692534
1909,1326,TE-R-14413720
1910,526,TE-A-49237422
1911,1284,TE-U-64353721
1912,1385,TE-Y-47953032
1913,1272,TE-X-62851857
1914,824,TE-V-06227421
1915,1759,TE-K-16969932
1916,1062,TE-A-38141159
1917,1281,TE-F-11914418
1918,1372,TE-U-35734231
1919,1483,TE-I-06938794
1920,330,TE-N-69115962
1921,993,TE-B-96722029
1922,272,TE-O-57736063
1923,134,TE-R-38837048
1924,1436,TE-Z-02003334
1925,663,TE-I-22782484
1926,1141,TE-D-67594468
1927,1210,TE-Q-61657932
1928,58,TE-Y-91192581
1929,1533,TE-B-37423323
1930,1716,TE-J-79348687
1931,210,TE-C-10148632
1932,370,TE-R-76635868
1933,1254,TE-R-24233885
1934,975,TE-F-17756944
1935,1708,TE-S-11393265
1936,985,TE-I-66379102
1937,553,TE-Q-03837782
1938,25,TE-P-44374739
1939,108,TE-I-64021872
1940,608,TE-C-64717638
1941,631,TE-A-98556965
1942,284,TE-M-75834916
1943,518,TE-V-96207923
1944,993,TE-Q-73093752
1945,452,TE-U-46932564
1946,442,TE-Y-49404549
1947,842,TE-U-27957822
1948,233,TE-K-94959251
1949,915,TE-T-53428656
1950,1533,TE-P-29015744
1951,615,TE-O-57148020
1952,686,TE-N-42058626
1953,34,TE-R-27477511
1954,1642,TE-K-38381239
1955,320,TE-L-75663265
1956,1745,TE-G-33600107
1957,1228,TE-B-97723396
1958,1376,TE-L-13759919
1959,1336,TE-O-17655345
1960,228,TE-S-83210889
1961,832,TE-V-40714915
1962,737,TE-Y-26162926
1963,1125,TE-P-18542711
1964,1293,TE-D-26817851
1965,1088,TE-N-97002460
1966,441,TE-Y-61584844
1967,1167,TE-Y-48982864
1968,15,TE-S-23438054
1969,1251,TE-O-64013972
1970,1099,TE-D-68769108
1971,111,TE-O-38971541
1972,1656,TE-H-07038203
1973,503,TE-W-17010231
1974,158,TE-N-58982294
1975,214,TE-K-89050023
1976,427,TE-C-91822750
1977,1250,TE-L-35004262
1978,245,TE-X-55135950
1979,1649,TE-W-14801312
1980,1606,TE-W-50567131
1981,354,TE-G-87928997
1982,1263,TE-U-21092007
1983,1584,TE-W-13222856
1984,1513,TE-H-15697260
1985,1377,TE-T-59685062
1986,258,TE-G-67499878
1987,840,TE-V-17658595
1988,1040,TE-L-38932547
1989,1535,TE-M-00527607
1990,1729,TE-P-36334031
1991,1167,TE-Z-61208867
1992,543,TE-Y-88644019
1993,1030,TE-F-05884937
1994,1214,TE-I-93396789
1995,1167,TE-R-00422761
1996,31,TE-C-91980232
1997,1059,TE-P-54176112
1998,823,TE-S-48082254
1999,1697,TE-U-92285038
2000,697,TE-J-93452712
2001,738,TE-Q-41157800
2002,93,TE-T-70086798
2003,1324,TE-W-67954388
2004,1232,TE-U-38582584
2005,1524,TE-O-26141758
2006,1259,TE-D-57052533
2007,1720,TE-M-34219324
2008,54,TE-H-44590765
2009,554,TE-L-08289298
2010,1160,TE-D-36538267
2011,1571,TE-E-66340690
2012,1327,TE-L-71990028
2013,94,TE-V-02748150
2014,366,TE-H-19597646
2015,771,TE-K-12537971
2016,789,TE-P-71832220
2017,919,TE-L-99547153
2018,1167,TE-H-96730402
2019,454,TE-A-71753719
2020,1110,TE-H-15269131
2021,1012,TE-N-58887378
2022,1688,TE-N-27568307
2023,1533,TE-H-81554541
2024,198,TE-H-63960113
2025,1272,TE-X-14068746
2026,1053,TE-D-97872986
2027,356,TE-Q-34898710
2028,984,TE-X-90567024
2029,634,TE-I-77319526
2030,538,TE-F-48796106
2031,971,TE-J-92494299
2032,1786,TE-J-06568674
2033,884,TE-P-16070497
2034,1779,TE-A-53888217
2035,130,TE-Z-61292609
2036,564,TE-X-58872559
2037,189,TE-V-55369812
2038,1420,TE-S-32271194
2039,1615,TE-E-40896659
2040,1080,TE-J-43935023
2041,211,TE-F-83151282
2042,1619,TE-V-20773517
2043,249,TE-F-53150738
2044,1666,TE-A-21933311
2045,21,TE-W-61979284
2046,770,TE-K-17538256
2047,1198,TE-S-14859259
2048,1112,TE-S-41013200
2049,1462,TE-S-44923222
2050,156,TE-T-02207049
2051,788,TE-Y-95428076
2052,342,TE-L-65552484
2053,1182,TE-V-76885079
2054,1074,TE-Z-85140561
2055,997,TE-Y-12633548
2056,1718,TE-P-29720768
2057,402,TE-B-20402487
2058,343,TE-Y-72319682
2059,598,TE-P-67042823
2060,890,TE-F-12124795
2061,1186,TE-U-76618308
2062,1762,TE-M-31505071
2063,1554,TE-J-00610569
2064,1065,TE-B-03687780
2065,1379,TE-O-45132834
2066,1762,TE-C-97972326
2067,684,TE-S-89436538
2068,124,TE-P-44598030
2069,1647,TE-M-66887146
2070,879,TE-B-54943221
2071,177,TE-H-45646792
2072,1088,TE-S-04828045
2073,1462,TE-D-19517796
2074,1091,TE-Q-98275760
2075,312,TE-Z-24160338
2076,1389,TE-Z-38417265
2077,465,TE-K-37892364
2078,1551,TE-Z-98515510
2079,512,TE-M-51105592
2080,1625,TE-H-80365818
2081,1132,TE-V-82189616
2082,646,TE-N-54570403
2083,1244,TE-U-16873261
2084,407,TE-I-11539421
2085,239,TE-U-62087820
2086,1733,TE-O-49375419
2087,1314,TE-Q-63508633
2088,754,TE-O-93668753
2089,1749,TE-V-42126749
2090,602,TE-I-70751153
2091,248,TE-D-14960168
2092,1389,TE-H-92183791
2093,1122,TE-R-61996663
2094,929,TE-A-00085815
2095,244,TE-Z-12968809
2096,808,TE-H-80107399
2097,1246,TE-Z-95729420
2098,1295,TE-F-97239897
2099,804,TE-L-24399670
2100,1519,TE-G-08600981
2101,984,TE-Q-85009490
2102,1538,TE-M-06529312
2103,1249,TE-K-25759524
2104,1548,TE-D-14801549
2105,1242,TE-M-75586840
2106,515,TE-C-75448121
2107,1232,TE-U-60355086
2108,788,TE-R-46960277
2109,869,TE-W-86301966
2110,480,TE-D-68420279
2111,818,TE-V-10072419
2112,768,TE-F-89164448
2113,890,TE-Y-07548716
2114,1153,TE-K-77605927
2115,1643,TE-S-80335474
2116,349,TE-J-48871221
2117,847,TE-V-52627614
2118,80,TE-J-22909772
2119,452,TE-U-93117864
2120,1548,TE-N-87992618
2121,1644,TE-Z-31326286
2122,1140,TE-C-06482075
2123,757,TE-U-83012176
2124,943,TE-T-35391409
2125,1436,TE-P-72805345
2126,224,TE-Q-09485746
2127,178,TE-C-51823003
2128,1207,TE-M-04368591
2129,1480,TE-G-22731452
2130,1633,TE-N-31388214
2131,1196,TE-H-17610188
2132,721,TE-V-49847800
2133,1577,TE-K-68244585
2134,811,TE-N-95211854
2135,1547,TE-V-68801468
2136,1658,TE-I-49519165
2137,878,TE-Y-80795433
2138,885,TE-R-66037971
2139,930,TE-X-00539812
2140,712,TE-N-08679852
2141,59,TE-G-94664757
2142,253,TE-K-86519346
2143,1070,TE-N-15930965
2144,166,TE-R-58765743
2145,388,TE-F-89115279
2146,669,TE-E-11454735
2147,264,TE-O-95925270
2148,316,TE-F-40060572
2149,389,TE-W-18784266
2150,1093,TE-O-34213884
2151,839,TE-U-82827337
2152,858,TE-N-04063911
2153,1035,TE-W-65106728
2154,1711,TE-E-17798248
2155,336,TE-P-60070573
2156,478,TE-I-05796225
2157,1492,TE-Q-19173150
2158,1663,TE-T-48570621
2159,61,TE-R-27985896
2160,383,TE-L-44213228
2161,94,TE-J-17234864
2162,150,TE-Y-91392766
2163,1148,TE-P-91241900
2164,1425,TE-F-50012188
2165,573,TE-I-56548016
2166,223,TE-N-70765200
2167,122,TE-Y-81203340
2168,1084,TE-Y-56319372
2169,975,TE-E-76999627
2170,718,TE-I-80314669
2171,71,TE-X-22370642
2172,187,TE-U-34213892
2173,1793,TE-V-09724228
2174,670,TE-W-25134284
2175,281,TE-O-73317816
2176,1484,TE-S-01474448
2177,422,TE-T-77353585
2178,162,TE-J-28658146
2179,526,TE-X-57954516
2180,1773,TE-G-98072831
2181,334,TE-G-82810540
2182,1266,TE-O-78607102
2183,1551,TE-N-82757934
2184,823,TE-B-99569245
2185,886,TE-M-04036858
2186,525,TE-I-71815506
2187,476,TE-Z-95774436
2188,1388,TE-B-28729988
2189,1323,TE-E-96869129
2190,56,TE-P-30985835
2191,971,TE-G-35538789
2192,185,TE-W-41978132
2193,298,TE-X-01506589
2194,39,TE-I-65591953
2195,1405,TE-M-84153268
2196,722,TE-S-10445574
2197,738,TE-I-42898042
2198,1218,TE-D-06838208
2199,1737,TE-H-10264769
2200,783,TE-M-11079997
2201,1275,TE-L-10228939
2202,706,TE-U-42002979
2203,1423,TE-U-33000433
2204,234,TE-P-55631437
2205,1485,TE-U-34654177
2206,1202,TE-M-95151790
2207,735,TE-S-71800985
2208,730,TE-V-73078313
2209,1698,TE-Z-31893575
2210,314,TE-B-11076550
2211,92,TE-T-36928592
2212,1046,TE-R-78665347
2213,1190,TE-G-93870844
2214,1291,TE-I-64104116
2215,320,TE-Y-43688261
2216,1172,TE-P-34811256
2217,495,TE-I-13475159
2218,1445,TE-L-17158338
2219,1727,TE-N-16777830
2220,1711,TE-N-75289858
2221,1766,TE-H-72659523
2222,777,TE-Q-02284430
2223,1589,TE-V-68263585
2224,1620,TE-F-27549138
2225,446,TE-E-93329271
2226,1229,TE-A-77963611
2227,1480,TE-F-80909441
2228,1699,TE-N-68790770
2229,1363,TE-S-81331610
2230,1130,TE-W-38648957
2231,734,TE-K-21104506
2232,568,TE-W-32949323
2233,424,TE-E-79442549
2234,1453,TE-W-51293440
2235,828,TE-K-49881541
2236,1242,TE-Q-37155319
2237,1161,TE-G-74237405
2238,643,TE-V-60703064
2239,336,TE-U-08274725
2240,1470,TE-O-72910157
2241,1236,TE-G-82092622
2242,1513,TE-L-99328308
2243,1708,TE-W-87188567
2244,1174,TE-R-35962057
2245,1334,TE-M-35263815
2246,1562,TE-W-98072926
2247,886,TE-N-98480533
2248,105,TE-L-65722061
2249,1210,TE-M-02468199
2250,1132,TE-C-75628706
2251,974,TE-Y-90787285
2252,485,TE-V-66437295
2253,416,TE-W-92682704
2254,1774,TE-C-02999590
2255,367,TE-E-48756121
2256,1239,TE-L-89383548
2257,513,TE-I-86528165
2258,813,TE-E-66581450
2259,991,TE-P-55320699
2260,412,TE-A-68311297
2261,1602,TE-E-52922225
2262,1020,TE-S-60257926
2263,828,TE-U-90906033
2264,326,TE-U-90488401
2265,1191,TE-A-53267562
2266,705,TE-W-11961198
2267,677,TE-B-32203829
2268,1637,TE-Z-17148663
2269,148,TE-F-01533810
2270,1316,TE-F-19137723
2271,9,TE-N-04546783
2272,408,TE-G-14831989
2273,1602,TE-X-58835117
2274,469,TE-E-70586274
2275,1032,TE-I-61050755
2276,1592,TE-T-10807517
2277,1498,TE-S-68345034
2278,1154,TE-T-62785188
2279,368,TE-M-51640233
2280,150,TE-K-40033881
2281,403,TE-O-43228988
2282,1727,TE-I-64201096
2283,1214,TE-S-06867185
2284,644,TE-L-96347640
2285,763,TE-E-67895948
2286,1487,TE-J-28097290
2287,976,TE-J-81504919
2288,211,TE-L-98862226
2289,1411,TE-W-78037996
2290,1397,TE-N-03087027
2291,372,TE-I-99511698
2292,915,TE-K-49474098
2293,1209,TE-C-27191767
2294,1359,TE-D-11133399
2295,197,TE-S-57522761
2296,1147,TE-T-07710569
2297,987,TE-D-81723216
2298,1009,TE-P-61732959
2299,1157,TE-G-94258469
2300,1456,TE-I-87506101
2301,1659,TE-B-51901943
2302,886,TE-K-90332362
2303,1322,TE-W-44259720
2304,1700,TE-F-54762024
2305,298,TE-X-54930147
2306,1722,TE-D-10137492
2307,908,TE-Q-13032005
2308,698,TE-O-11768172
2309,1330,TE-R-62719453
2310,1067,TE-Y-61816172
2311,874,TE-V-03829401
2312,1171,TE-A-67698830
2313,826,TE-S-48183967
2314,1253,TE-B-02618103
2315,243,TE-D-26910743
2316,878,TE-I-75892387
2317,1019,TE-R-16382984
2318,930,TE-F-05922881
2319,483,TE-R-06909008
2320,1734,TE-Q-60703340
2321,929,TE-C-53086761
2322,1552,TE-G-22584494
2323,1669,TE-P-11360432
2324,42,TE-S-36281506
2325,1091,TE-U-09241769
2326,331,TE-S-89686509
2327,564,TE-P-06130614
2328,1285,TE-J-43448374
2329,81,TE-K-80114363
2330,1530,TE-S-71969731
2331,893,TE-W-25014323
2332,1186,TE-U-54753676
2333,626,TE-K-73037128
2334,1195,TE-K-16643390
2335,429,TE-V-19162811
2336,1549,TE-O-36478106
2337,1558,TE-P-65414305
2338,1635,TE-J-28468246
2339,954,TE-C-14368185
2340,1390,TE-V-49519068
2341,1457,TE-X-03859778
2342,764,TE-I-40721503
2343,1583,TE-W-67527973
2344,575,TE-H-64015709
2345,1445,TE-N-84697396
2346,767,TE-U-85873353
2347,832,TE-I-87375068
2348,1233,TE-M-47455815
2349,604,TE-C-82638212
2350,51,TE-X-10620881
2351,895,TE-R-34196450
2352,1593,TE-O-15056952
2353,137,TE-K-08773334
2354,1225,TE-C-01214662
2355,717,TE-O-31228981
2356,1688,TE-T-09265731
2357,1098,TE-J-16095323
2358,180,TE-H-34418168
2359,1191,TE-O-78195167
2360,552,TE-X-71344370
2361,1709,TE-V-08777246
2362,1247,TE-W-16091942
2363,697,TE-R-11118003
2364,751,TE-Z-15834123
2365,1571,TE-O-99182085
2366,403,TE-C-02043427
2367,217,TE-F-63739506
